day,cola_300ml,cola_600ml,guazi,haipai_hainorim,haipiao_haibo,redbull,haixiangcuilan,luosifen_335g,qiaqia_oatmeal,spicy_chicken_noodle,TeLunSuMilk,wangzai_milk,xiangbage_honey_chicken_wings
2020/4/1,0.0,1.0,1.0,1.0,1.0,7.0,3.0,0.0,0.0,1.0,2.0,0.0,0.0
2020/4/2,4.0,1.0,0.0,0.0,0.0,3.0,0.0,1.0,1.0,0.0,5.0,1.0,1.0
2020/4/3,1.0,0.0,0.0,1.0,1.0,11.0,8.0,0.0,0.0,0.0,2.0,5.0,2.0
2020/4/4,2.0,0.0,0.0,2.0,0.0,12.0,4.0,5.0,0.0,1.0,2.0,0.0,0.0
2020/4/5,1.0,2.0,0.0,0.0,0.0,4.0,5.0,0.0,0.0,0.0,2.0,1.0,0.0
2020/4/6,0.0,0.0,0.0,0.0,1.0,5.0,1.0,3.0,2.0,0.0,1.0,1.0,0.0
2020/4/7,1.0,5.0,4.0,3.0,1.0,5.0,0.0,0.0,0.0,0.0,2.0,0.0,0.0
2020/4/8,2.0,3.0,2.0,0.0,0.0,3.0,0.0,0.0,1.0,0.0,1.0,7.0,1.0
2020/4/9,0.0,1.0,1.0,0.0,0.0,2.0,0.0,3.0,0.0,0.0,2.0,0.0,0.0
2020/4/10,0.0,4.0,0.0,0.0,0.0,10.0,4.0,0.0,0.0,0.0,5.0,5.0,1.0
2020/4/11,0.0,0.0,1.0,0.0,0.0,10.0,0.0,3.0,0.0,0.0,0.0,7.0,0.0
2020/4/12,4.0,2.0,0.0,0.0,0.0,5.0,0.0,0.0,2.0,1.0,2.0,5.0,4.0
2020/4/13,2.0,0.0,0.0,0.0,3.0,5.0,0.0,0.0,0.0,0.0,3.0,4.0,0.0
2020/4/14,2.0,1.0,0.0,5.0,0.0,2.0,0.0,3.0,1.0,0.0,5.0,6.0,0.0
2020/4/15,0.0,3.0,0.0,0.0,0.0,6.0,0.0,0.0,0.0,0.0,2.0,7.0,0.0
2020/4/16,0.0,4.0,0.0,0.0,0.0,6.0,4.0,3.0,0.0,0.0,4.0,3.0,0.0
2020/4/17,1.0,0.0,1.0,1.0,0.0,14.0,0.0,4.0,0.0,0.0,3.0,2.0,0.0
2020/4/18,0.0,0.0,4.0,4.0,0.0,12.0,0.0,0.0,0.0,1.0,0.0,3.0,1.0
2020/4/19,0.0,0.0,0.0,2.0,0.0,3.0,0.0,0.0,0.0,1.0,0.0,19.0,0.0
2020/4/20,1.0,0.0,0.0,0.0,0.0,6.0,0.0,0.0,0.0,1.0,1.0,3.0,1.0
2020/4/21,0.0,0.0,0.0,1.0,1.0,5.0,0.0,0.0,0.0,0.0,0.0,1.0,0.0
2020/4/22,1.0,0.0,1.0,0.0,5.0,6.0,1.0,1.0,1.0,1.0,1.0,0.0,1.0
2020/4/23,0.0,0.0,0.0,0.0,0.0,4.0,2.0,1.0,1.0,0.0,2.0,0.0,1.0
2020/4/24,0.0,5.0,0.0,0.0,0.0,14.0,2.0,1.0,0.0,1.0,1.0,0.0,0.0
2020/4/25,1.0,1.0,1.0,0.0,1.0,14.0,3.0,0.0,0.0,0.0,0.0,0.0,0.0
2020/4/26,3.0,2.0,0.0,0.0,0.0,1.0,1.0,0.0,0.0,0.0,2.0,0.0,0.0
2020/4/27,0.0,0.0,1.0,5.0,2.0,1.0,7.0,2.0,0.0,1.0,3.0,2.0,0.0
2020/4/28,0.0,2.0,0.0,0.0,0.0,2.0,4.0,1.0,0.0,0.0,0.0,0.0,0.0
2020/4/29,0.0,3.0,0.0,4.0,5.0,5.0,6.0,4.0,0.0,0.0,3.0,5.0,0.0
2020/4/30,0.0,0.0,4.0,0.0,1.0,7.0,0.0,0.0,0.0,0.0,1.0,0.0,0.0
2020/5/1,1.0,0.0,0.0,0.0,0.0,14.0,8.0,0.0,0.0,0.0,3.0,0.0,2.0
2020/5/2,0.0,3.0,0.0,1.0,0.0,9.0,4.0,0.0,1.0,2.0,0.0,5.0,0.0
2020/5/3,0.0,1.0,0.0,0.0,0.0,2.0,5.0,0.0,1.0,0.0,4.0,2.0,4.0
2020/5/4,3.0,0.0,5.0,1.0,0.0,3.0,0.0,5.0,0.0,0.0,1.0,0.0,21.0
2020/5/5,4.0,1.0,0.0,0.0,0.0,2.0,2.0,0.0,1.0,0.0,4.0,7.0,1.0
2020/5/6,2.0,0.0,1.0,0.0,0.0,3.0,8.0,1.0,0.0,0.0,2.0,4.0,4.0
2020/5/7,1.0,1.0,0.0,0.0,0.0,5.0,0.0,0.0,1.0,0.0,0.0,0.0,1.0
2020/5/8,0.0,0.0,0.0,1.0,1.0,11.0,0.0,0.0,0.0,0.0,4.0,0.0,0.0
2020/5/9,0.0,0.0,0.0,0.0,0.0,11.0,6.0,1.0,0.0,0.0,0.0,7.0,0.0
2020/5/10,0.0,0.0,0.0,0.0,0.0,4.0,0.0,0.0,0.0,0.0,21.0,3.0,0.0
2020/5/11,0.0,2.0,5.0,0.0,0.0,3.0,1.0,1.0,0.0,1.0,0.0,3.0,0.0
2020/5/12,0.0,0.0,0.0,4.0,0.0,6.0,0.0,0.0,0.0,0.0,1.0,6.0,0.0
2020/5/13,1.0,3.0,0.0,0.0,0.0,5.0,6.0,3.0,0.0,0.0,1.0,0.0,1.0
2020/5/14,2.0,0.0,0.0,0.0,3.0,1.0,0.0,0.0,0.0,0.0,1.0,1.0,0.0
2020/5/15,1.0,2.0,0.0,0.0,4.0,15.0,0.0,0.0,0.0,0.0,5.0,1.0,0.0
2020/5/16,1.0,2.0,4.0,0.0,0.0,11.0,0.0,0.0,0.0,1.0,0.0,5.0,1.0
2020/5/17,0.0,1.0,0.0,5.0,2.0,2.0,4.0,0.0,0.0,0.0,2.0,3.0,0.0
2020/5/18,2.0,1.0,0.0,0.0,1.0,5.0,0.0,4.0,0.0,0.0,0.0,4.0,2.0
2020/5/19,0.0,0.0,0.0,0.0,0.0,5.0,5.0,0.0,0.0,0.0,1.0,0.0,0.0
2020/5/20,0.0,0.0,0.0,0.0,0.0,5.0,7.0,0.0,0.0,0.0,1.0,0.0,0.0
2020/5/21,2.0,0.0,0.0,0.0,0.0,4.0,1.0,0.0,0.0,0.0,3.0,0.0,1.0
2020/5/22,2.0,0.0,0.0,4.0,0.0,11.0,1.0,0.0,0.0,0.0,1.0,4.0,0.0
2020/5/23,4.0,0.0,2.0,0.0,0.0,13.0,1.0,0.0,2.0,1.0,1.0,2.0,1.0
2020/5/24,2.0,0.0,3.0,0.0,1.0,6.0,0.0,1.0,0.0,1.0,1.0,0.0,0.0
2020/5/25,0.0,0.0,0.0,0.0,0.0,6.0,1.0,0.0,1.0,1.0,0.0,7.0,0.0
2020/5/26,2.0,1.0,5.0,1.0,1.0,2.0,6.0,0.0,1.0,2.0,5.0,1.0,7.0
2020/5/27,2.0,0.0,1.0,2.0,4.0,1.0,5.0,2.0,0.0,0.0,0.0,7.0,0.0
2020/5/28,0.0,5.0,0.0,0.0,1.0,0.0,0.0,0.0,1.0,2.0,1.0,0.0,0.0
2020/5/29,0.0,2.0,0.0,0.0,0.0,12.0,0.0,2.0,0.0,1.0,5.0,4.0,0.0
2020/5/30,1.0,0.0,0.0,3.0,1.0,15.0,0.0,0.0,0.0,0.0,1.0,0.0,0.0
2020/5/31,0.0,2.0,0.0,1.0,0.0,6.0,0.0,3.0,0.0,1.0,5.0,6.0,0.0
2020/6/1,0.0,0.0,0.0,0.0,0.0,0.0,0.0,1.0,0.0,0.0,0.0,1.0,3.0
2020/6/2,1.0,1.0,1.0,1.0,1.0,4.0,7.0,0.0,0.0,0.0,4.0,0.0,0.0
2020/6/3,0.0,2.0,0.0,5.0,0.0,5.0,7.0,0.0,0.0,0.0,0.0,0.0,0.0
2020/6/4,2.0,0.0,0.0,0.0,0.0,5.0,0.0,1.0,2.0,1.0,2.0,0.0,0.0
2020/6/5,1.0,0.0,1.0,0.0,1.0,12.0,6.0,0.0,0.0,1.0,1.0,0.0,0.0
2020/6/6,2.0,0.0,0.0,1.0,0.0,13.0,1.0,0.0,0.0,0.0,0.0,7.0,1.0
2020/6/7,1.0,0.0,0.0,1.0,0.0,0.0,2.0,0.0,0.0,0.0,0.0,1.0,0.0
2020/6/8,0.0,3.0,0.0,0.0,1.0,5.0,0.0,0.0,0.0,0.0,3.0,5.0,0.0
2020/6/9,5.0,3.0,0.0,0.0,2.0,6.0,0.0,0.0,0.0,0.0,4.0,2.0,3.0
2020/6/10,1.0,2.0,3.0,0.0,0.0,7.0,7.0,2.0,0.0,0.0,3.0,4.0,1.0
2020/6/11,1.0,0.0,0.0,0.0,4.0,5.0,1.0,0.0,1.0,0.0,0.0,0.0,0.0
2020/6/12,0.0,1.0,1.0,0.0,0.0,11.0,2.0,0.0,0.0,0.0,5.0,0.0,25.0
2020/6/13,4.0,0.0,3.0,2.0,4.0,12.0,0.0,0.0,1.0,0.0,1.0,5.0,0.0
2020/6/14,1.0,0.0,0.0,5.0,0.0,3.0,0.0,0.0,0.0,1.0,0.0,7.0,0.0
2020/6/15,1.0,0.0,0.0,0.0,0.0,0.0,0.0,0.0,1.0,0.0,0.0,0.0,0.0
2020/6/16,0.0,0.0,0.0,0.0,5.0,8.0,1.0,3.0,0.0,0.0,2.0,0.0,0.0
2020/6/17,0.0,2.0,4.0,0.0,0.0,1.0,2.0,0.0,0.0,0.0,1.0,1.0,0.0
2020/6/18,1.0,1.0,0.0,1.0,0.0,3.0,0.0,0.0,0.0,1.0,3.0,7.0,28.0
2020/6/19,0.0,0.0,0.0,2.0,0.0,12.0,2.0,1.0,0.0,2.0,4.0,0.0,0.0
2020/6/20,1.0,0.0,0.0,1.0,1.0,15.0,1.0,1.0,0.0,2.0,0.0,0.0,0.0
2020/6/21,0.0,0.0,1.0,0.0,4.0,0.0,1.0,3.0,0.0,0.0,17.0,5.0,22.0
2020/6/22,0.0,3.0,0.0,0.0,1.0,0.0,0.0,3.0,2.0,0.0,0.0,0.0,1.0
2020/6/23,2.0,1.0,0.0,1.0,0.0,6.0,6.0,0.0,0.0,0.0,1.0,0.0,4.0
2020/6/24,0.0,0.0,1.0,0.0,0.0,5.0,1.0,0.0,2.0,0.0,1.0,3.0,0.0
2020/6/25,0.0,1.0,5.0,0.0,0.0,7.0,0.0,0.0,0.0,1.0,0.0,6.0,0.0
2020/6/26,1.0,0.0,3.0,1.0,0.0,14.0,0.0,0.0,0.0,0.0,2.0,0.0,24.0
2020/6/27,0.0,0.0,0.0,0.0,0.0,12.0,0.0,0.0,0.0,0.0,1.0,1.0,1.0
2020/6/28,0.0,0.0,2.0,0.0,1.0,6.0,0.0,0.0,0.0,0.0,2.0,1.0,0.0
2020/6/29,0.0,1.0,0.0,2.0,0.0,2.0,0.0,0.0,0.0,1.0,2.0,1.0,0.0
2020/6/30,0.0,0.0,0.0,1.0,3.0,3.0,0.0,0.0,1.0,0.0,2.0,3.0,0.0
2020/7/1,2.0,3.0,0.0,4.0,1.0,5.0,0.0,0.0,0.0,0.0,2.0,1.0,2.0
2020/7/2,3.0,1.0,3.0,0.0,0.0,2.0,3.0,0.0,0.0,1.0,3.0,1.0,0.0
2020/7/3,1.0,0.0,1.0,1.0,0.0,10.0,0.0,0.0,1.0,2.0,0.0,1.0,0.0
2020/7/4,1.0,0.0,0.0,0.0,0.0,15.0,0.0,2.0,0.0,0.0,0.0,3.0,0.0
2020/7/5,0.0,0.0,4.0,3.0,1.0,5.0,0.0,0.0,0.0,0.0,4.0,1.0,0.0
2020/7/6,3.0,6.0,0.0,4.0,4.0,4.0,3.0,0.0,0.0,0.0,1.0,6.0,0.0
2020/7/7,0.0,3.0,3.0,0.0,0.0,4.0,0.0,3.0,0.0,0.0,1.0,0.0,1.0
2020/7/8,0.0,5.0,4.0,4.0,3.0,2.0,0.0,4.0,0.0,0.0,2.0,5.0,0.0
2020/7/9,0.0,0.0,0.0,2.0,0.0,6.0,0.0,0.0,0.0,0.0,0.0,6.0,0.0
2020/7/10,0.0,0.0,0.0,1.0,0.0,15.0,2.0,0.0,0.0,0.0,5.0,1.0,4.0
2020/7/11,0.0,0.0,0.0,1.0,0.0,14.0,1.0,0.0,1.0,2.0,1.0,1.0,0.0
2020/7/12,0.0,0.0,1.0,2.0,0.0,5.0,3.0,0.0,0.0,0.0,0.0,1.0,0.0
2020/7/13,0.0,3.0,0.0,3.0,0.0,5.0,1.0,0.0,1.0,0.0,1.0,1.0,0.0
2020/7/14,3.0,1.0,0.0,0.0,3.0,0.0,0.0,4.0,0.0,1.0,1.0,0.0,4.0
2020/7/15,0.0,0.0,4.0,5.0,0.0,5.0,0.0,0.0,0.0,0.0,4.0,0.0,0.0
2020/7/16,0.0,1.0,0.0,0.0,4.0,2.0,0.0,0.0,0.0,0.0,0.0,0.0,0.0
2020/7/17,1.0,0.0,0.0,1.0,1.0,14.0,0.0,0.0,0.0,0.0,4.0,5.0,0.0
2020/7/18,0.0,1.0,1.0,0.0,0.0,15.0,0.0,0.0,2.0,0.0,0.0,1.0,0.0
2020/7/19,2.0,0.0,5.0,0.0,1.0,3.0,0.0,0.0,0.0,0.0,4.0,5.0,1.0
2020/7/20,0.0,1.0,0.0,0.0,0.0,2.0,1.0,0.0,0.0,2.0,0.0,2.0,0.0
2020/7/21,1.0,1.0,5.0,0.0,5.0,6.0,1.0,0.0,0.0,0.0,1.0,6.0,0.0
2020/7/22,4.0,0.0,0.0,4.0,1.0,2.0,2.0,1.0,0.0,2.0,4.0,3.0,0.0
2020/7/23,0.0,1.0,2.0,0.0,1.0,4.0,1.0,0.0,1.0,0.0,5.0,0.0,1.0
2020/7/24,0.0,1.0,0.0,0.0,0.0,13.0,0.0,0.0,0.0,0.0,5.0,4.0,1.0
2020/7/25,2.0,3.0,0.0,0.0,0.0,11.0,0.0,5.0,0.0,0.0,2.0,1.0,5.0
2020/7/26,1.0,0.0,0.0,0.0,0.0,1.0,0.0,0.0,2.0,0.0,5.0,0.0,0.0
2020/7/27,0.0,1.0,0.0,3.0,0.0,3.0,1.0,4.0,0.0,0.0,0.0,7.0,0.0
2020/7/28,1.0,1.0,0.0,1.0,0.0,4.0,1.0,0.0,1.0,1.0,20.0,0.0,26.0
2020/7/29,2.0,1.0,0.0,2.0,0.0,1.0,7.0,1.0,0.0,0.0,0.0,1.0,1.0
2020/7/30,3.0,1.0,0.0,0.0,0.0,5.0,1.0,0.0,1.0,0.0,3.0,3.0,0.0
2020/7/31,3.0,3.0,4.0,0.0,0.0,14.0,0.0,0.0,1.0,0.0,4.0,6.0,0.0
2020/8/1,1.0,0.0,0.0,0.0,0.0,14.0,4.0,4.0,0.0,0.0,3.0,4.0,0.0
2020/8/2,0.0,3.0,0.0,0.0,1.0,2.0,2.0,3.0,1.0,1.0,1.0,0.0,0.0
2020/8/3,0.0,1.0,1.0,0.0,0.0,4.0,0.0,0.0,0.0,1.0,1.0,3.0,0.0
2020/8/4,0.0,1.0,0.0,0.0,0.0,0.0,4.0,1.0,0.0,0.0,4.0,0.0,2.0
2020/8/5,1.0,1.0,1.0,0.0,0.0,4.0,1.0,0.0,0.0,0.0,0.0,4.0,2.0
2020/8/6,3.0,3.0,2.0,1.0,0.0,5.0,0.0,3.0,0.0,0.0,5.0,7.0,1.0
2020/8/7,0.0,0.0,0.0,0.0,0.0,11.0,0.0,0.0,0.0,0.0,3.0,4.0,0.0
2020/8/8,0.0,1.0,0.0,1.0,0.0,13.0,0.0,0.0,0.0,1.0,0.0,6.0,0.0
2020/8/9,1.0,0.0,1.0,0.0,0.0,3.0,0.0,0.0,0.0,0.0,3.0,0.0,0.0
2020/8/10,0.0,0.0,0.0,0.0,2.0,7.0,0.0,0.0,0.0,0.0,1.0,5.0,1.0
2020/8/11,0.0,0.0,3.0,3.0,1.0,4.0,7.0,4.0,0.0,0.0,3.0,5.0,0.0
2020/8/12,1.0,0.0,0.0,0.0,0.0,7.0,5.0,0.0,0.0,0.0,3.0,0.0,21.0
2020/8/13,2.0,0.0,1.0,0.0,0.0,4.0,7.0,1.0,0.0,0.0,0.0,6.0,0.0
2020/8/14,1.0,0.0,0.0,5.0,0.0,13.0,5.0,1.0,1.0,0.0,1.0,1.0,0.0
2020/8/15,1.0,0.0,0.0,0.0,0.0,12.0,7.0,0.0,0.0,1.0,5.0,3.0,0.0
2020/8/16,1.0,0.0,4.0,0.0,1.0,5.0,1.0,1.0,1.0,0.0,1.0,5.0,0.0
2020/8/17,0.0,0.0,0.0,0.0,0.0,8.0,0.0,0.0,0.0,0.0,2.0,3.0,0.0
2020/8/18,3.0,0.0,0.0,0.0,0.0,3.0,0.0,3.0,0.0,0.0,0.0,1.0,0.0
2020/8/19,5.0,0.0,0.0,2.0,1.0,6.0,5.0,0.0,0.0,0.0,0.0,3.0,0.0
2020/8/20,0.0,0.0,0.0,3.0,1.0,5.0,1.0,0.0,0.0,0.0,1.0,3.0,1.0
2020/8/21,0.0,5.0,0.0,5.0,0.0,15.0,3.0,0.0,0.0,0.0,1.0,6.0,0.0
2020/8/22,1.0,2.0,0.0,0.0,0.0,14.0,0.0,0.0,1.0,0.0,0.0,0.0,1.0
2020/8/23,0.0,0.0,0.0,0.0,1.0,4.0,0.0,5.0,0.0,0.0,3.0,0.0,5.0
2020/8/24,0.0,0.0,0.0,1.0,0.0,3.0,2.0,0.0,0.0,0.0,0.0,5.0,0.0
2020/8/25,0.0,0.0,0.0,0.0,3.0,2.0,1.0,0.0,0.0,0.0,1.0,0.0,0.0
2020/8/26,1.0,0.0,0.0,0.0,0.0,4.0,0.0,0.0,0.0,0.0,0.0,2.0,0.0
2020/8/27,0.0,1.0,0.0,0.0,1.0,0.0,0.0,0.0,0.0,0.0,0.0,4.0,26.0
2020/8/28,2.0,0.0,0.0,1.0,0.0,15.0,1.0,0.0,0.0,0.0,1.0,7.0,0.0
2020/8/29,1.0,0.0,0.0,0.0,3.0,12.0,3.0,3.0,0.0,0.0,2.0,3.0,0.0
2020/8/30,2.0,0.0,1.0,3.0,1.0,4.0,0.0,0.0,0.0,0.0,4.0,1.0,0.0
2020/8/31,0.0,1.0,0.0,2.0,0.0,7.0,0.0,0.0,0.0,0.0,0.0,0.0,1.0
2020/9/1,0.0,0.0,0.0,0.0,1.0,4.0,0.0,0.0,0.0,0.0,4.0,0.0,0.0
2020/9/2,4.0,0.0,0.0,0.0,0.0,4.0,4.0,0.0,1.0,0.0,2.0,0.0,0.0
2020/9/3,0.0,0.0,0.0,0.0,5.0,2.0,0.0,0.0,0.0,0.0,1.0,0.0,0.0
2020/9/4,0.0,1.0,0.0,3.0,0.0,13.0,1.0,2.0,0.0,0.0,5.0,2.0,0.0
2020/9/5,2.0,3.0,0.0,0.0,0.0,10.0,2.0,0.0,0.0,1.0,5.0,5.0,1.0
2020/9/6,0.0,0.0,0.0,0.0,4.0,3.0,0.0,1.0,0.0,0.0,0.0,2.0,0.0
2020/9/7,1.0,1.0,0.0,0.0,0.0,1.0,5.0,0.0,0.0,0.0,1.0,5.0,0.0
2020/9/8,0.0,2.0,1.0,0.0,0.0,6.0,0.0,2.0,0.0,0.0,5.0,7.0,0.0
2020/9/9,0.0,1.0,2.0,0.0,0.0,4.0,0.0,0.0,0.0,0.0,4.0,4.0,0.0
2020/9/10,0.0,0.0,0.0,2.0,0.0,5.0,0.0,3.0,1.0,1.0,0.0,4.0,2.0
2020/9/11,0.0,0.0,0.0,0.0,1.0,14.0,8.0,0.0,0.0,0.0,5.0,2.0,0.0
2020/9/12,0.0,1.0,0.0,0.0,0.0,13.0,3.0,4.0,0.0,0.0,4.0,1.0,1.0
2020/9/13,3.0,0.0,0.0,1.0,0.0,6.0,0.0,0.0,1.0,1.0,3.0,0.0,1.0
2020/9/14,0.0,0.0,0.0,0.0,0.0,2.0,0.0,0.0,1.0,0.0,4.0,0.0,4.0
2020/9/15,0.0,1.0,0.0,2.0,2.0,5.0,4.0,0.0,0.0,0.0,3.0,6.0,0.0
2020/9/16,0.0,1.0,3.0,0.0,0.0,6.0,2.0,0.0,0.0,1.0,0.0,4.0,0.0
2020/9/17,0.0,7.0,0.0,3.0,3.0,6.0,3.0,0.0,0.0,1.0,1.0,0.0,0.0
2020/9/18,0.0,1.0,5.0,0.0,0.0,12.0,1.0,0.0,0.0,0.0,2.0,1.0,0.0
2020/9/19,0.0,0.0,0.0,0.0,0.0,15.0,2.0,0.0,0.0,1.0,5.0,6.0,0.0
2020/9/20,0.0,5.0,0.0,1.0,4.0,6.0,1.0,0.0,1.0,0.0,0.0,0.0,0.0
2020/9/21,0.0,0.0,1.0,0.0,0.0,3.0,0.0,5.0,0.0,0.0,1.0,1.0,1.0
2020/9/22,0.0,0.0,0.0,0.0,0.0,3.0,0.0,1.0,0.0,0.0,3.0,6.0,0.0
2020/9/23,0.0,1.0,0.0,1.0,0.0,6.0,8.0,3.0,0.0,0.0,0.0,0.0,0.0
2020/9/24,1.0,1.0,0.0,0.0,0.0,2.0,0.0,1.0,0.0,0.0,4.0,0.0,3.0
2020/9/25,0.0,0.0,0.0,0.0,0.0,10.0,0.0,0.0,1.0,0.0,4.0,3.0,1.0
2020/9/26,3.0,0.0,4.0,2.0,5.0,9.0,2.0,0.0,1.0,0.0,2.0,5.0,0.0
2020/9/27,1.0,1.0,2.0,5.0,1.0,5.0,1.0,0.0,1.0,2.0,1.0,3.0,0.0
2020/9/28,2.0,3.0,0.0,0.0,0.0,0.0,5.0,5.0,1.0,0.0,1.0,0.0,7.0
2020/9/29,1.0,0.0,0.0,5.0,0.0,2.0,3.0,0.0,0.0,2.0,2.0,1.0,2.0
2020/9/30,1.0,0.0,0.0,1.0,0.0,5.0,0.0,3.0,0.0,0.0,0.0,2.0,0.0
2020/10/1,1.0,0.0,0.0,0.0,0.0,1.0,8.0,3.0,1.0,0.0,0.0,2.0,0.0
2020/10/2,0.0,1.0,0.0,1.0,0.0,11.0,4.0,0.0,1.0,0.0,0.0,4.0,0.0
2020/10/3,0.0,0.0,0.0,0.0,1.0,14.0,5.0,4.0,0.0,0.0,1.0,0.0,0.0
2020/10/4,3.0,2.0,1.0,0.0,0.0,3.0,1.0,0.0,0.0,0.0,0.0,5.0,5.0
2020/10/5,0.0,0.0,0.0,0.0,2.0,2.0,6.0,4.0,0.0,2.0,0.0,1.0,0.0
2020/10/6,0.0,0.0,5.0,2.0,0.0,7.0,0.0,0.0,0.0,2.0,0.0,0.0,4.0
2020/10/7,0.0,0.0,0.0,2.0,0.0,5.0,1.0,0.0,0.0,0.0,0.0,0.0,1.0
2020/10/8,0.0,2.0,4.0,0.0,0.0,1.0,6.0,4.0,0.0,0.0,3.0,0.0,1.0
2020/10/9,1.0,1.0,0.0,0.0,0.0,15.0,0.0,1.0,0.0,0.0,4.0,2.0,0.0
2020/10/10,2.0,0.0,1.0,0.0,0.0,15.0,0.0,0.0,2.0,1.0,0.0,2.0,0.0
2020/10/11,0.0,2.0,0.0,0.0,5.0,6.0,4.0,0.0,0.0,0.0,4.0,22.0,2.0
2020/10/12,0.0,3.0,0.0,0.0,0.0,4.0,5.0,1.0,0.0,0.0,2.0,3.0,0.0
2020/10/13,1.0,2.0,1.0,1.0,4.0,1.0,1.0,0.0,0.0,0.0,3.0,0.0,0.0
2020/10/14,0.0,3.0,0.0,0.0,1.0,2.0,5.0,2.0,1.0,0.0,2.0,5.0,0.0
2020/10/15,5.0,0.0,0.0,0.0,5.0,3.0,1.0,0.0,0.0,1.0,5.0,7.0,0.0
2020/10/16,2.0,1.0,1.0,0.0,0.0,14.0,1.0,0.0,0.0,0.0,3.0,0.0,5.0
2020/10/17,1.0,0.0,0.0,0.0,3.0,12.0,5.0,0.0,1.0,0.0,3.0,3.0,0.0
2020/10/18,0.0,0.0,0.0,4.0,0.0,2.0,0.0,1.0,1.0,2.0,4.0,0.0,0.0
2020/10/19,1.0,1.0,0.0,0.0,0.0,1.0,0.0,0.0,0.0,0.0,1.0,0.0,0.0
2020/10/20,0.0,2.0,0.0,0.0,4.0,3.0,0.0,1.0,0.0,1.0,0.0,0.0,1.0
2020/10/21,2.0,1.0,0.0,1.0,0.0,4.0,0.0,4.0,0.0,0.0,3.0,5.0,0.0
2020/10/22,3.0,1.0,0.0,0.0,1.0,5.0,0.0,0.0,0.0,2.0,1.0,3.0,26.0
2020/10/23,0.0,1.0,5.0,1.0,0.0,13.0,4.0,0.0,0.0,1.0,3.0,0.0,0.0
2020/10/24,1.0,5.0,1.0,0.0,5.0,13.0,3.0,5.0,0.0,0.0,0.0,6.0,0.0
2020/10/25,0.0,3.0,0.0,0.0,1.0,5.0,0.0,1.0,0.0,0.0,1.0,2.0,7.0
2020/10/26,0.0,0.0,0.0,0.0,1.0,6.0,3.0,0.0,0.0,0.0,0.0,6.0,0.0
2020/10/27,2.0,0.0,0.0,0.0,0.0,0.0,0.0,0.0,1.0,0.0,2.0,2.0,0.0
2020/10/28,0.0,1.0,0.0,0.0,0.0,5.0,0.0,4.0,1.0,2.0,1.0,2.0,7.0
2020/10/29,2.0,2.0,1.0,5.0,2.0,0.0,7.0,0.0,0.0,0.0,1.0,1.0,0.0
2020/10/30,1.0,2.0,0.0,0.0,1.0,11.0,1.0,0.0,0.0,2.0,2.0,24.0,7.0
2020/10/31,0.0,0.0,1.0,0.0,0.0,12.0,0.0,0.0,0.0,0.0,1.0,7.0,6.0
2020/11/1,2.0,0.0,1.0,0.0,5.0,0.0,2.0,0.0,1.0,1.0,0.0,0.0,0.0
2020/11/2,1.0,3.0,0.0,0.0,0.0,3.0,1.0,0.0,0.0,0.0,4.0,6.0,0.0
2020/11/3,1.0,0.0,1.0,1.0,0.0,4.0,5.0,0.0,1.0,1.0,0.0,2.0,0.0
2020/11/4,0.0,0.0,3.0,0.0,1.0,1.0,0.0,0.0,0.0,0.0,1.0,16.0,0.0
2020/11/5,0.0,0.0,1.0,0.0,0.0,0.0,0.0,0.0,0.0,1.0,2.0,1.0,0.0
2020/11/6,2.0,0.0,0.0,0.0,0.0,12.0,1.0,0.0,1.0,0.0,3.0,0.0,0.0
2020/11/7,0.0,0.0,0.0,0.0,0.0,11.0,0.0,0.0,0.0,0.0,1.0,7.0,1.0
2020/11/8,1.0,0.0,0.0,1.0,1.0,4.0,0.0,2.0,0.0,0.0,4.0,0.0,1.0
2020/11/9,0.0,0.0,5.0,0.0,0.0,7.0,0.0,5.0,0.0,1.0,5.0,0.0,0.0
2020/11/10,0.0,3.0,0.0,0.0,0.0,5.0,6.0,0.0,0.0,0.0,0.0,0.0,1.0
2020/11/11,0.0,0.0,3.0,0.0,0.0,2.0,7.0,1.0,0.0,2.0,0.0,0.0,0.0
2020/11/12,1.0,1.0,2.0,0.0,1.0,7.0,0.0,5.0,0.0,1.0,0.0,0.0,0.0
2020/11/13,5.0,1.0,0.0,0.0,1.0,12.0,0.0,0.0,0.0,0.0,0.0,0.0,0.0
2020/11/14,1.0,0.0,0.0,3.0,0.0,14.0,0.0,0.0,0.0,0.0,2.0,7.0,0.0
2020/11/15,3.0,1.0,0.0,0.0,0.0,0.0,6.0,2.0,0.0,0.0,17.0,0.0,1.0
2020/11/16,0.0,0.0,4.0,3.0,0.0,5.0,8.0,0.0,0.0,0.0,0.0,0.0,0.0
2020/11/17,1.0,2.0,0.0,0.0,0.0,0.0,0.0,3.0,1.0,0.0,0.0,1.0,0.0
2020/11/18,0.0,4.0,2.0,0.0,0.0,4.0,1.0,3.0,0.0,0.0,0.0,1.0,0.0
2020/11/19,0.0,0.0,0.0,0.0,0.0,1.0,0.0,0.0,1.0,0.0,3.0,7.0,0.0
2020/11/20,0.0,1.0,1.0,5.0,0.0,11.0,0.0,0.0,0.0,1.0,3.0,2.0,0.0
2020/11/21,0.0,2.0,0.0,0.0,1.0,15.0,0.0,0.0,0.0,0.0,0.0,0.0,0.0
2020/11/22,0.0,0.0,0.0,0.0,2.0,2.0,0.0,0.0,0.0,0.0,5.0,2.0,2.0
2020/11/23,0.0,0.0,3.0,0.0,2.0,5.0,0.0,0.0,0.0,0.0,3.0,0.0,0.0
2020/11/24,1.0,2.0,3.0,0.0,0.0,1.0,0.0,0.0,0.0,0.0,0.0,0.0,0.0
2020/11/25,0.0,0.0,3.0,0.0,0.0,3.0,1.0,0.0,0.0,0.0,2.0,7.0,0.0
2020/11/26,1.0,2.0,0.0,4.0,0.0,5.0,0.0,3.0,0.0,0.0,2.0,5.0,0.0
2020/11/27,3.0,0.0,0.0,5.0,0.0,13.0,0.0,0.0,0.0,1.0,0.0,7.0,3.0
2020/11/28,4.0,2.0,0.0,0.0,0.0,10.0,0.0,1.0,0.0,0.0,0.0,1.0,0.0
2020/11/29,4.0,0.0,0.0,3.0,0.0,3.0,0.0,0.0,1.0,0.0,0.0,2.0,1.0
2020/11/30,0.0,1.0,0.0,1.0,0.0,3.0,0.0,0.0,0.0,0.0,0.0,0.0,0.0
2020/12/1,0.0,0.0,0.0,0.0,0.0,4.0,0.0,0.0,0.0,0.0,4.0,0.0,0.0
2020/12/2,3.0,0.0,1.0,0.0,0.0,3.0,0.0,0.0,0.0,1.0,5.0,5.0,0.0
2020/12/3,0.0,1.0,5.0,0.0,0.0,1.0,1.0,0.0,1.0,0.0,1.0,0.0,1.0
2020/12/4,4.0,0.0,0.0,5.0,0.0,10.0,0.0,1.0,0.0,0.0,0.0,5.0,0.0
2020/12/5,4.0,5.0,0.0,1.0,0.0,11.0,0.0,5.0,0.0,0.0,0.0,4.0,0.0
2020/12/6,2.0,0.0,0.0,0.0,0.0,1.0,1.0,0.0,0.0,0.0,1.0,0.0,0.0
2020/12/7,1.0,0.0,0.0,0.0,0.0,0.0,3.0,0.0,1.0,0.0,4.0,2.0,1.0
2020/12/8,0.0,0.0,0.0,1.0,0.0,3.0,0.0,1.0,2.0,0.0,0.0,5.0,7.0
2020/12/9,2.0,0.0,4.0,0.0,0.0,1.0,0.0,1.0,0.0,0.0,0.0,0.0,0.0
2020/12/10,0.0,2.0,3.0,5.0,0.0,3.0,0.0,0.0,0.0,0.0,0.0,5.0,1.0
2020/12/11,1.0,7.0,4.0,1.0,1.0,11.0,0.0,4.0,0.0,1.0,3.0,2.0,0.0
2020/12/12,0.0,1.0,5.0,1.0,2.0,9.0,0.0,1.0,0.0,1.0,1.0,0.0,0.0
2020/12/13,4.0,0.0,0.0,0.0,3.0,1.0,0.0,0.0,0.0,0.0,2.0,2.0,0.0
2020/12/14,0.0,1.0,0.0,0.0,0.0,4.0,1.0,0.0,1.0,0.0,0.0,7.0,0.0
2020/12/15,0.0,2.0,0.0,1.0,0.0,6.0,7.0,5.0,0.0,0.0,5.0,0.0,0.0
2020/12/16,1.0,1.0,0.0,0.0,1.0,3.0,1.0,1.0,0.0,0.0,1.0,5.0,0.0
2020/12/17,0.0,0.0,0.0,0.0,2.0,1.0,0.0,0.0,0.0,0.0,1.0,0.0,0.0
2020/12/18,6.0,1.0,0.0,1.0,0.0,13.0,1.0,0.0,2.0,0.0,0.0,4.0,0.0
2020/12/19,0.0,1.0,0.0,0.0,5.0,13.0,7.0,0.0,0.0,2.0,4.0,4.0,0.0
2020/12/20,1.0,1.0,0.0,0.0,0.0,5.0,3.0,0.0,0.0,0.0,5.0,0.0,0.0
2020/12/21,4.0,0.0,0.0,0.0,1.0,4.0,0.0,0.0,1.0,2.0,0.0,0.0,1.0
2020/12/22,1.0,0.0,0.0,0.0,4.0,1.0,5.0,2.0,1.0,0.0,1.0,5.0,0.0
2020/12/23,0.0,2.0,0.0,1.0,0.0,5.0,0.0,0.0,0.0,1.0,5.0,1.0,25.0
2020/12/24,2.0,1.0,0.0,4.0,0.0,5.0,5.0,5.0,0.0,0.0,2.0,4.0,1.0
2020/12/25,2.0,0.0,0.0,0.0,0.0,9.0,5.0,0.0,0.0,0.0,0.0,0.0,1.0
2020/12/26,0.0,0.0,0.0,2.0,0.0,9.0,0.0,4.0,0.0,0.0,4.0,6.0,0.0
2020/12/27,2.0,0.0,0.0,0.0,0.0,7.0,1.0,0.0,0.0,0.0,0.0,3.0,0.0
2020/12/28,2.0,2.0,0.0,1.0,0.0,3.0,0.0,0.0,1.0,0.0,1.0,6.0,0.0
2020/12/29,1.0,0.0,1.0,0.0,0.0,3.0,0.0,0.0,1.0,0.0,0.0,0.0,1.0
2020/12/30,2.0,0.0,0.0,3.0,0.0,2.0,0.0,1.0,0.0,0.0,0.0,4.0,0.0
2020/12/31,0.0,0.0,0.0,1.0,4.0,2.0,2.0,1.0,0.0,2.0,0.0,3.0,0.0
2021/1/1,0.0,0.0,0.0,1.0,0.0,14.0,1.0,0.0,0.0,1.0,3.0,1.0,0.0
2021/1/2,1.0,0.0,0.0,1.0,1.0,12.0,1.0,0.0,0.0,0.0,1.0,1.0,0.0
2021/1/3,0.0,2.0,1.0,0.0,0.0,3.0,3.0,0.0,0.0,0.0,0.0,0.0,7.0
2021/1/4,3.0,0.0,0.0,0.0,0.0,4.0,0.0,0.0,0.0,1.0,0.0,4.0,1.0
2021/1/5,0.0,3.0,0.0,4.0,0.0,6.0,0.0,0.0,0.0,0.0,0.0,2.0,0.0
2021/1/6,3.0,0.0,0.0,0.0,5.0,1.0,0.0,1.0,0.0,0.0,5.0,0.0,0.0
2021/1/7,0.0,0.0,0.0,0.0,0.0,5.0,0.0,0.0,1.0,0.0,1.0,4.0,2.0
2021/1/8,0.0,0.0,1.0,0.0,0.0,15.0,0.0,0.0,0.0,0.0,2.0,1.0,0.0
2021/1/9,1.0,0.0,0.0,0.0,0.0,13.0,0.0,3.0,0.0,0.0,4.0,0.0,6.0
2021/1/10,0.0,1.0,0.0,0.0,0.0,4.0,7.0,4.0,0.0,0.0,1.0,7.0,0.0
2021/1/11,0.0,3.0,0.0,0.0,3.0,5.0,1.0,0.0,0.0,0.0,0.0,7.0,0.0
2021/1/12,0.0,1.0,0.0,0.0,0.0,5.0,0.0,1.0,0.0,0.0,0.0,3.0,0.0
2021/1/13,0.0,0.0,0.0,1.0,0.0,5.0,0.0,0.0,2.0,0.0,0.0,0.0,0.0
2021/1/14,0.0,0.0,0.0,0.0,0.0,2.0,1.0,0.0,0.0,0.0,0.0,5.0,1.0
2021/1/15,2.0,0.0,0.0,3.0,0.0,8.0,0.0,0.0,0.0,1.0,0.0,1.0,7.0
2021/1/16,0.0,0.0,1.0,0.0,0.0,13.0,0.0,0.0,1.0,1.0,4.0,0.0,1.0
2021/1/17,0.0,0.0,0.0,0.0,1.0,4.0,0.0,0.0,0.0,0.0,0.0,0.0,1.0
2021/1/18,1.0,1.0,0.0,0.0,1.0,3.0,4.0,0.0,0.0,0.0,1.0,3.0,0.0
2021/1/19,0.0,1.0,4.0,0.0,1.0,6.0,0.0,1.0,0.0,2.0,2.0,2.0,0.0
2021/1/20,0.0,0.0,0.0,0.0,0.0,6.0,0.0,2.0,0.0,0.0,0.0,1.0,0.0
2021/1/21,1.0,1.0,0.0,1.0,5.0,3.0,6.0,0.0,0.0,0.0,5.0,2.0,0.0
2021/1/22,2.0,5.0,1.0,0.0,4.0,11.0,0.0,0.0,0.0,0.0,2.0,7.0,0.0
2021/1/23,0.0,4.0,0.0,5.0,0.0,11.0,0.0,3.0,0.0,1.0,0.0,0.0,0.0
2021/1/24,0.0,2.0,0.0,0.0,0.0,3.0,1.0,2.0,1.0,0.0,2.0,21.0,0.0
2021/1/25,0.0,0.0,0.0,0.0,1.0,6.0,0.0,0.0,0.0,0.0,0.0,6.0,0.0
2021/1/26,0.0,0.0,1.0,0.0,0.0,3.0,4.0,0.0,0.0,1.0,0.0,1.0,0.0
2021/1/27,1.0,0.0,2.0,0.0,0.0,1.0,0.0,0.0,0.0,0.0,1.0,1.0,0.0
2021/1/28,0.0,0.0,0.0,0.0,0.0,0.0,4.0,0.0,0.0,0.0,2.0,3.0,29.0
2021/1/29,0.0,0.0,0.0,1.0,3.0,12.0,7.0,0.0,0.0,0.0,3.0,3.0,0.0
2021/1/30,3.0,3.0,3.0,0.0,4.0,15.0,7.0,0.0,0.0,2.0,0.0,5.0,0.0
2021/1/31,7.0,0.0,0.0,0.0,0.0,6.0,6.0,3.0,1.0,0.0,0.0,2.0,0.0
2021/2/1,0.0,0.0,3.0,0.0,0.0,5.0,0.0,0.0,0.0,0.0,0.0,7.0,0.0
2021/2/2,0.0,0.0,0.0,0.0,0.0,4.0,0.0,5.0,0.0,0.0,4.0,0.0,7.0
2021/2/3,1.0,0.0,2.0,0.0,0.0,2.0,0.0,2.0,0.0,2.0,0.0,0.0,0.0
2021/2/4,0.0,2.0,0.0,0.0,0.0,2.0,2.0,3.0,0.0,0.0,5.0,3.0,1.0
2021/2/5,1.0,0.0,0.0,1.0,0.0,14.0,6.0,0.0,0.0,1.0,0.0,0.0,4.0
2021/2/6,2.0,0.0,3.0,0.0,3.0,13.0,0.0,1.0,2.0,1.0,4.0,0.0,0.0
2021/2/7,0.0,2.0,0.0,0.0,0.0,0.0,7.0,0.0,0.0,0.0,5.0,0.0,0.0
2021/2/8,3.0,2.0,0.0,5.0,0.0,5.0,5.0,0.0,0.0,0.0,4.0,0.0,0.0
2021/2/9,1.0,0.0,0.0,0.0,0.0,1.0,7.0,0.0,0.0,2.0,4.0,1.0,0.0
2021/2/10,0.0,0.0,0.0,1.0,0.0,3.0,6.0,0.0,0.0,2.0,1.0,7.0,0.0
2021/2/11,0.0,0.0,0.0,1.0,1.0,2.0,0.0,3.0,0.0,1.0,1.0,0.0,0.0
2021/2/12,2.0,4.0,0.0,0.0,4.0,13.0,0.0,3.0,1.0,1.0,0.0,3.0,0.0
2021/2/13,0.0,0.0,0.0,0.0,0.0,11.0,0.0,0.0,2.0,1.0,0.0,5.0,0.0
2021/2/14,0.0,2.0,0.0,0.0,0.0,3.0,0.0,0.0,0.0,0.0,1.0,7.0,0.0
2021/2/15,0.0,1.0,1.0,0.0,0.0,2.0,0.0,0.0,0.0,1.0,2.0,0.0,2.0
2021/2/16,2.0,2.0,0.0,0.0,0.0,1.0,4.0,0.0,1.0,2.0,0.0,6.0,1.0
2021/2/17,3.0,0.0,0.0,2.0,1.0,7.0,5.0,3.0,0.0,0.0,2.0,2.0,3.0
2021/2/18,0.0,3.0,0.0,4.0,0.0,6.0,0.0,0.0,1.0,1.0,4.0,3.0,0.0
2021/2/19,4.0,0.0,0.0,0.0,2.0,14.0,1.0,4.0,1.0,0.0,2.0,4.0,0.0
2021/2/20,2.0,0.0,0.0,0.0,0.0,11.0,0.0,0.0,1.0,0.0,3.0,4.0,4.0
2021/2/21,1.0,2.0,0.0,1.0,0.0,3.0,0.0,0.0,0.0,0.0,3.0,0.0,3.0
2021/2/22,2.0,0.0,1.0,2.0,0.0,6.0,1.0,0.0,1.0,0.0,5.0,4.0,0.0
2021/2/23,1.0,1.0,0.0,1.0,0.0,1.0,0.0,0.0,1.0,0.0,1.0,3.0,0.0
2021/2/24,0.0,0.0,2.0,0.0,0.0,3.0,0.0,0.0,0.0,0.0,4.0,4.0,0.0
2021/2/25,1.0,0.0,1.0,0.0,1.0,6.0,0.0,3.0,0.0,0.0,5.0,6.0,0.0
2021/2/26,2.0,1.0,0.0,1.0,0.0,11.0,0.0,0.0,0.0,0.0,5.0,0.0,0.0
2021/2/27,1.0,0.0,0.0,3.0,0.0,15.0,1.0,0.0,0.0,0.0,0.0,7.0,5.0
2021/2/28,1.0,0.0,1.0,0.0,0.0,5.0,0.0,0.0,0.0,0.0,0.0,0.0,0.0
2021/3/1,1.0,2.0,3.0,0.0,0.0,3.0,0.0,0.0,0.0,1.0,0.0,0.0,1.0
2021/3/2,1.0,0.0,1.0,4.0,0.0,4.0,0.0,1.0,0.0,1.0,0.0,1.0,0.0
2021/3/3,3.0,2.0,0.0,1.0,0.0,0.0,8.0,0.0,0.0,0.0,1.0,0.0,2.0
2021/3/4,2.0,0.0,3.0,1.0,0.0,4.0,0.0,0.0,0.0,0.0,3.0,4.0,7.0
2021/3/5,0.0,3.0,0.0,1.0,1.0,13.0,0.0,1.0,1.0,0.0,4.0,0.0,0.0
2021/3/6,0.0,0.0,0.0,0.0,0.0,12.0,3.0,0.0,0.0,0.0,0.0,0.0,0.0
2021/3/7,1.0,1.0,1.0,0.0,1.0,0.0,0.0,4.0,2.0,0.0,4.0,7.0,0.0
2021/3/8,0.0,0.0,0.0,0.0,0.0,6.0,7.0,1.0,1.0,0.0,2.0,4.0,0.0
2021/3/9,0.0,0.0,5.0,1.0,0.0,3.0,0.0,4.0,0.0,0.0,2.0,6.0,20.0
2021/3/10,0.0,0.0,5.0,0.0,5.0,2.0,0.0,1.0,0.0,0.0,5.0,6.0,2.0
2021/3/11,0.0,2.0,0.0,1.0,1.0,3.0,0.0,0.0,0.0,1.0,3.0,4.0,25.0
2021/3/12,1.0,1.0,0.0,3.0,0.0,15.0,1.0,5.0,0.0,1.0,0.0,1.0,0.0
2021/3/13,0.0,1.0,3.0,0.0,0.0,12.0,1.0,0.0,1.0,1.0,4.0,0.0,0.0
2021/3/14,0.0,1.0,0.0,0.0,0.0,1.0,0.0,0.0,0.0,0.0,0.0,5.0,0.0
2021/3/15,0.0,0.0,0.0,0.0,2.0,3.0,0.0,0.0,0.0,0.0,1.0,1.0,0.0
2021/3/16,1.0,1.0,2.0,0.0,0.0,1.0,0.0,5.0,0.0,0.0,4.0,4.0,0.0
2021/3/17,1.0,0.0,0.0,1.0,4.0,8.0,0.0,1.0,0.0,1.0,0.0,1.0,0.0
2021/3/18,4.0,0.0,1.0,0.0,4.0,6.0,3.0,1.0,0.0,1.0,3.0,0.0,0.0
2021/3/19,0.0,2.0,0.0,0.0,0.0,11.0,0.0,0.0,0.0,1.0,0.0,2.0,0.0
2021/3/20,0.0,0.0,3.0,1.0,0.0,10.0,0.0,5.0,1.0,0.0,22.0,2.0,0.0
2021/3/21,0.0,3.0,1.0,0.0,0.0,7.0,0.0,0.0,0.0,2.0,0.0,2.0,0.0
2021/3/22,2.0,0.0,0.0,0.0,0.0,6.0,3.0,0.0,2.0,0.0,5.0,4.0,29.0
2021/3/23,0.0,1.0,0.0,0.0,0.0,0.0,1.0,0.0,0.0,0.0,4.0,1.0,0.0
2021/3/24,0.0,0.0,0.0,5.0,1.0,7.0,1.0,0.0,0.0,0.0,1.0,1.0,0.0
2021/3/25,4.0,0.0,1.0,1.0,1.0,6.0,0.0,0.0,0.0,0.0,1.0,6.0,0.0
2021/3/26,0.0,3.0,1.0,0.0,0.0,13.0,0.0,0.0,0.0,0.0,5.0,3.0,0.0
2021/3/27,0.0,1.0,0.0,0.0,0.0,14.0,5.0,1.0,0.0,0.0,1.0,0.0,0.0
2021/3/28,0.0,0.0,1.0,4.0,4.0,1.0,1.0,0.0,0.0,0.0,0.0,6.0,7.0
2021/3/29,1.0,2.0,5.0,1.0,1.0,5.0,0.0,0.0,0.0,2.0,1.0,1.0,0.0
2021/3/30,0.0,1.0,0.0,0.0,2.0,6.0,0.0,1.0,0.0,0.0,0.0,0.0,0.0
2021/3/31,3.0,2.0,4.0,0.0,0.0,4.0,6.0,2.0,0.0,0.0,3.0,1.0,1.0
2021/4/1,0.0,1.0,0.0,2.0,0.0,2.0,0.0,1.0,1.0,2.0,3.0,4.0,0.0
2021/4/2,5.0,0.0,1.0,0.0,0.0,10.0,8.0,0.0,0.0,0.0,0.0,4.0,0.0
2021/4/3,1.0,1.0,1.0,0.0,0.0,14.0,7.0,3.0,0.0,0.0,1.0,0.0,4.0
2021/4/4,0.0,0.0,0.0,3.0,0.0,4.0,0.0,1.0,2.0,0.0,1.0,7.0,7.0
2021/4/5,0.0,6.0,5.0,3.0,0.0,6.0,7.0,0.0,0.0,1.0,1.0,0.0,0.0
2021/4/6,2.0,0.0,0.0,4.0,1.0,2.0,0.0,0.0,0.0,0.0,0.0,0.0,0.0
2021/4/7,0.0,0.0,0.0,0.0,0.0,5.0,5.0,1.0,0.0,0.0,5.0,0.0,0.0
2021/4/8,0.0,0.0,0.0,0.0,0.0,5.0,0.0,4.0,0.0,0.0,3.0,1.0,0.0
2021/4/9,2.0,1.0,0.0,0.0,2.0,14.0,0.0,4.0,1.0,1.0,2.0,0.0,0.0
2021/4/10,0.0,0.0,0.0,0.0,0.0,11.0,0.0,0.0,0.0,0.0,4.0,2.0,0.0
2021/4/11,0.0,5.0,0.0,0.0,0.0,1.0,3.0,0.0,0.0,2.0,0.0,7.0,3.0
2021/4/12,2.0,2.0,0.0,1.0,0.0,1.0,0.0,0.0,0.0,0.0,4.0,2.0,0.0
2021/4/13,0.0,0.0,0.0,2.0,3.0,1.0,1.0,0.0,0.0,0.0,2.0,0.0,0.0
2021/4/14,1.0,2.0,0.0,1.0,0.0,5.0,1.0,0.0,0.0,0.0,0.0,0.0,0.0
2021/4/15,1.0,0.0,0.0,0.0,0.0,1.0,0.0,0.0,0.0,0.0,0.0,0.0,0.0
2021/4/16,0.0,0.0,0.0,1.0,0.0,13.0,0.0,1.0,0.0,0.0,0.0,0.0,1.0
2021/4/17,0.0,0.0,0.0,0.0,2.0,9.0,1.0,1.0,0.0,0.0,4.0,5.0,3.0
2021/4/18,0.0,2.0,0.0,0.0,0.0,5.0,0.0,2.0,2.0,1.0,0.0,0.0,25.0
2021/4/19,3.0,1.0,0.0,0.0,5.0,2.0,0.0,0.0,0.0,0.0,1.0,4.0,0.0
2021/4/20,2.0,0.0,1.0,1.0,0.0,2.0,0.0,1.0,1.0,0.0,0.0,6.0,0.0
2021/4/21,2.0,2.0,0.0,1.0,1.0,1.0,0.0,1.0,0.0,0.0,0.0,2.0,0.0
2021/4/22,2.0,1.0,5.0,0.0,1.0,6.0,0.0,0.0,0.0,0.0,3.0,5.0,4.0
2021/4/23,0.0,1.0,0.0,0.0,2.0,15.0,6.0,1.0,2.0,0.0,0.0,2.0,1.0
2021/4/24,0.0,0.0,1.0,2.0,2.0,12.0,0.0,0.0,1.0,0.0,1.0,2.0,7.0
2021/4/25,1.0,1.0,3.0,0.0,0.0,3.0,7.0,0.0,0.0,0.0,1.0,2.0,0.0
2021/4/26,5.0,1.0,2.0,1.0,0.0,8.0,3.0,0.0,0.0,0.0,2.0,2.0,0.0
2021/4/27,0.0,0.0,0.0,2.0,0.0,2.0,0.0,4.0,1.0,0.0,4.0,0.0,1.0
2021/4/28,0.0,0.0,5.0,0.0,0.0,3.0,1.0,0.0,1.0,0.0,1.0,1.0,0.0
2021/4/29,1.0,0.0,0.0,5.0,0.0,4.0,5.0,0.0,0.0,0.0,3.0,0.0,0.0
2021/4/30,0.0,0.0,0.0,2.0,0.0,11.0,0.0,0.0,0.0,1.0,1.0,2.0,0.0
2021/5/1,4.0,3.0,0.0,0.0,0.0,13.0,0.0,5.0,0.0,0.0,0.0,0.0,0.0
2021/5/2,2.0,3.0,0.0,5.0,0.0,2.0,3.0,0.0,0.0,1.0,5.0,7.0,1.0
2021/5/3,1.0,0.0,0.0,0.0,0.0,2.0,0.0,0.0,0.0,0.0,0.0,4.0,6.0
2021/5/4,1.0,1.0,1.0,0.0,0.0,6.0,5.0,1.0,0.0,0.0,0.0,0.0,7.0
2021/5/5,1.0,1.0,0.0,0.0,0.0,3.0,0.0,0.0,0.0,0.0,3.0,1.0,0.0
2021/5/6,1.0,0.0,1.0,0.0,0.0,4.0,1.0,0.0,1.0,0.0,0.0,6.0,6.0
2021/5/7,3.0,0.0,3.0,4.0,0.0,12.0,0.0,1.0,1.0,0.0,4.0,5.0,1.0
2021/5/8,1.0,0.0,0.0,0.0,3.0,14.0,0.0,0.0,0.0,0.0,0.0,3.0,0.0
2021/5/9,3.0,0.0,3.0,0.0,0.0,6.0,0.0,0.0,1.0,0.0,5.0,0.0,0.0
2021/5/10,0.0,2.0,3.0,0.0,3.0,5.0,0.0,0.0,0.0,0.0,3.0,0.0,6.0
2021/5/11,3.0,0.0,0.0,0.0,3.0,5.0,6.0,3.0,2.0,0.0,3.0,0.0,0.0
2021/5/12,0.0,0.0,0.0,0.0,0.0,4.0,0.0,0.0,2.0,0.0,5.0,0.0,0.0
2021/5/13,1.0,1.0,0.0,1.0,1.0,2.0,6.0,0.0,0.0,0.0,0.0,5.0,0.0
2021/5/14,2.0,0.0,3.0,3.0,2.0,12.0,0.0,1.0,0.0,0.0,5.0,4.0,0.0
2021/5/15,2.0,0.0,0.0,0.0,2.0,14.0,0.0,3.0,0.0,1.0,0.0,3.0,0.0
2021/5/16,0.0,1.0,0.0,2.0,1.0,0.0,0.0,0.0,0.0,2.0,2.0,6.0,0.0
2021/5/17,3.0,0.0,0.0,0.0,0.0,3.0,0.0,0.0,0.0,1.0,24.0,2.0,0.0
2021/5/18,4.0,2.0,0.0,1.0,0.0,2.0,0.0,0.0,0.0,1.0,1.0,1.0,6.0
2021/5/19,0.0,0.0,0.0,0.0,1.0,1.0,0.0,0.0,0.0,0.0,0.0,0.0,0.0
2021/5/20,1.0,0.0,0.0,0.0,1.0,4.0,3.0,0.0,1.0,0.0,5.0,7.0,0.0
2021/5/21,0.0,1.0,0.0,0.0,0.0,11.0,3.0,0.0,0.0,1.0,4.0,0.0,0.0
2021/5/22,0.0,3.0,2.0,3.0,0.0,11.0,0.0,0.0,0.0,0.0,4.0,7.0,0.0
2021/5/23,0.0,1.0,3.0,0.0,0.0,3.0,0.0,3.0,2.0,0.0,0.0,5.0,0.0
2021/5/24,0.0,0.0,0.0,5.0,0.0,7.0,1.0,0.0,0.0,1.0,2.0,0.0,0.0
2021/5/25,0.0,0.0,5.0,0.0,0.0,6.0,0.0,1.0,1.0,0.0,1.0,1.0,4.0
2021/5/26,0.0,6.0,0.0,1.0,3.0,3.0,0.0,2.0,0.0,2.0,0.0,6.0,0.0
2021/5/27,2.0,1.0,1.0,0.0,0.0,0.0,0.0,4.0,0.0,0.0,1.0,2.0,3.0
2021/5/28,1.0,0.0,1.0,5.0,0.0,11.0,7.0,0.0,0.0,0.0,1.0,6.0,0.0
2021/5/29,0.0,1.0,2.0,0.0,0.0,15.0,5.0,5.0,0.0,0.0,2.0,7.0,0.0
2021/5/30,0.0,2.0,4.0,3.0,0.0,6.0,0.0,0.0,1.0,0.0,2.0,1.0,0.0
2021/5/31,0.0,4.0,0.0,3.0,0.0,4.0,0.0,0.0,0.0,0.0,1.0,0.0,0.0
2021/6/1,0.0,0.0,4.0,0.0,4.0,0.0,0.0,3.0,0.0,0.0,0.0,7.0,0.0
2021/6/2,1.0,0.0,0.0,0.0,0.0,6.0,4.0,1.0,0.0,0.0,0.0,4.0,0.0
2021/6/3,2.0,0.0,0.0,0.0,5.0,2.0,2.0,0.0,1.0,0.0,0.0,0.0,0.0
2021/6/4,1.0,1.0,1.0,0.0,0.0,12.0,0.0,0.0,0.0,0.0,5.0,0.0,1.0
2021/6/5,0.0,2.0,0.0,1.0,0.0,15.0,3.0,0.0,0.0,2.0,0.0,3.0,0.0
2021/6/6,1.0,1.0,0.0,0.0,0.0,4.0,0.0,0.0,0.0,0.0,0.0,7.0,4.0
2021/6/7,0.0,2.0,4.0,1.0,4.0,5.0,0.0,1.0,0.0,0.0,0.0,5.0,0.0
2021/6/8,0.0,2.0,0.0,0.0,0.0,2.0,0.0,3.0,0.0,0.0,4.0,3.0,20.0
2021/6/9,0.0,1.0,0.0,0.0,0.0,2.0,0.0,0.0,0.0,0.0,5.0,1.0,0.0
2021/6/10,0.0,0.0,0.0,0.0,1.0,3.0,1.0,0.0,0.0,2.0,4.0,0.0,0.0
2021/6/11,0.0,0.0,0.0,0.0,0.0,15.0,1.0,4.0,0.0,1.0,3.0,6.0,1.0
2021/6/12,2.0,1.0,2.0,0.0,0.0,10.0,0.0,0.0,0.0,0.0,0.0,0.0,0.0
2021/6/13,3.0,2.0,0.0,0.0,4.0,6.0,0.0,0.0,0.0,0.0,0.0,0.0,1.0
2021/6/14,1.0,3.0,0.0,3.0,0.0,2.0,3.0,0.0,1.0,0.0,4.0,0.0,0.0
2021/6/15,0.0,2.0,1.0,0.0,0.0,7.0,0.0,0.0,0.0,1.0,3.0,4.0,0.0
2021/6/16,6.0,0.0,0.0,0.0,1.0,2.0,1.0,0.0,0.0,2.0,2.0,7.0,0.0
2021/6/17,1.0,4.0,0.0,0.0,0.0,5.0,1.0,0.0,2.0,0.0,2.0,0.0,0.0
2021/6/18,1.0,1.0,0.0,1.0,0.0,11.0,3.0,0.0,0.0,2.0,3.0,1.0,0.0
2021/6/19,2.0,0.0,0.0,1.0,0.0,12.0,3.0,1.0,0.0,0.0,2.0,3.0,0.0
2021/6/20,2.0,2.0,0.0,4.0,0.0,3.0,0.0,0.0,0.0,0.0,5.0,7.0,0.0
2021/6/21,6.0,1.0,1.0,0.0,0.0,1.0,0.0,1.0,0.0,0.0,5.0,1.0,0.0
2021/6/22,1.0,0.0,3.0,0.0,4.0,4.0,2.0,1.0,0.0,0.0,1.0,1.0,0.0
2021/6/23,1.0,3.0,2.0,0.0,4.0,6.0,2.0,1.0,0.0,0.0,2.0,0.0,0.0
2021/6/24,1.0,3.0,0.0,1.0,0.0,6.0,0.0,0.0,0.0,0.0,0.0,7.0,7.0
2021/6/25,2.0,1.0,0.0,0.0,0.0,10.0,5.0,5.0,1.0,0.0,3.0,0.0,0.0
2021/6/26,0.0,4.0,1.0,0.0,3.0,11.0,1.0,0.0,1.0,1.0,0.0,1.0,0.0
2021/6/27,1.0,0.0,0.0,1.0,0.0,2.0,8.0,2.0,0.0,0.0,2.0,3.0,0.0
2021/6/28,3.0,0.0,0.0,0.0,1.0,2.0,5.0,0.0,2.0,0.0,5.0,4.0,1.0
2021/6/29,2.0,0.0,0.0,1.0,5.0,4.0,0.0,4.0,0.0,0.0,1.0,1.0,0.0
2021/6/30,0.0,3.0,3.0,0.0,1.0,7.0,7.0,0.0,0.0,0.0,2.0,6.0,0.0
2021/7/1,2.0,0.0,0.0,5.0,1.0,6.0,3.0,1.0,0.0,0.0,0.0,0.0,3.0
2021/7/2,0.0,2.0,0.0,0.0,0.0,10.0,0.0,1.0,0.0,1.0,0.0,2.0,0.0
2021/7/3,0.0,0.0,0.0,0.0,0.0,14.0,0.0,0.0,0.0,0.0,4.0,1.0,0.0
2021/7/4,0.0,1.0,3.0,0.0,0.0,2.0,1.0,0.0,0.0,1.0,0.0,4.0,0.0
2021/7/5,0.0,0.0,0.0,0.0,0.0,1.0,0.0,0.0,0.0,0.0,0.0,0.0,5.0
2021/7/6,0.0,2.0,5.0,0.0,0.0,3.0,4.0,0.0,0.0,0.0,1.0,6.0,1.0
2021/7/7,2.0,3.0,0.0,0.0,0.0,5.0,0.0,0.0,0.0,0.0,5.0,4.0,0.0
2021/7/8,0.0,1.0,0.0,0.0,1.0,4.0,0.0,0.0,0.0,0.0,3.0,3.0,0.0
2021/7/9,4.0,4.0,0.0,0.0,1.0,8.0,0.0,0.0,0.0,1.0,0.0,6.0,24.0
2021/7/10,2.0,0.0,0.0,1.0,0.0,15.0,6.0,1.0,1.0,0.0,0.0,5.0,1.0
2021/7/11,2.0,3.0,4.0,1.0,0.0,0.0,0.0,0.0,0.0,0.0,1.0,0.0,4.0
2021/7/12,2.0,0.0,1.0,0.0,2.0,1.0,0.0,0.0,0.0,2.0,2.0,0.0,0.0
2021/7/13,0.0,1.0,1.0,0.0,1.0,1.0,0.0,0.0,2.0,0.0,2.0,7.0,27.0
2021/7/14,4.0,1.0,1.0,1.0,1.0,0.0,1.0,1.0,0.0,0.0,0.0,0.0,0.0
2021/7/15,1.0,3.0,0.0,0.0,1.0,5.0,0.0,0.0,0.0,1.0,2.0,4.0,0.0
2021/7/16,3.0,0.0,0.0,0.0,0.0,14.0,2.0,0.0,0.0,0.0,1.0,7.0,0.0
2021/7/17,0.0,0.0,0.0,0.0,0.0,10.0,0.0,0.0,0.0,0.0,4.0,1.0,0.0
2021/7/18,0.0,0.0,5.0,3.0,1.0,7.0,1.0,0.0,0.0,0.0,1.0,4.0,0.0
2021/7/19,0.0,1.0,0.0,0.0,1.0,5.0,7.0,5.0,1.0,2.0,1.0,1.0,1.0
2021/7/20,6.0,0.0,0.0,0.0,0.0,4.0,1.0,0.0,0.0,0.0,0.0,2.0,0.0
2021/7/21,0.0,1.0,0.0,0.0,3.0,4.0,1.0,0.0,1.0,0.0,2.0,0.0,0.0
2021/7/22,2.0,1.0,0.0,5.0,1.0,4.0,0.0,0.0,1.0,0.0,5.0,1.0,0.0
2021/7/23,3.0,0.0,0.0,0.0,0.0,15.0,0.0,0.0,0.0,0.0,1.0,4.0,1.0
2021/7/24,0.0,2.0,3.0,0.0,0.0,12.0,1.0,0.0,0.0,1.0,2.0,5.0,0.0
2021/7/25,0.0,0.0,0.0,0.0,0.0,2.0,1.0,1.0,2.0,1.0,3.0,5.0,7.0
2021/7/26,1.0,1.0,1.0,0.0,4.0,4.0,0.0,4.0,0.0,0.0,2.0,2.0,0.0
2021/7/27,2.0,3.0,0.0,1.0,0.0,2.0,0.0,5.0,0.0,0.0,0.0,0.0,0.0
2021/7/28,0.0,0.0,5.0,0.0,1.0,3.0,1.0,1.0,0.0,0.0,3.0,3.0,0.0
2021/7/29,1.0,2.0,0.0,3.0,1.0,5.0,4.0,0.0,1.0,0.0,0.0,1.0,1.0
2021/7/30,3.0,1.0,0.0,5.0,0.0,15.0,0.0,0.0,1.0,0.0,1.0,5.0,0.0
2021/7/31,0.0,1.0,0.0,0.0,0.0,14.0,0.0,0.0,0.0,0.0,5.0,6.0,0.0
2021/8/1,1.0,1.0,0.0,0.0,0.0,3.0,1.0,4.0,0.0,0.0,0.0,4.0,0.0
2021/8/2,5.0,1.0,0.0,4.0,2.0,4.0,0.0,0.0,0.0,0.0,0.0,7.0,1.0
2021/8/3,0.0,0.0,0.0,0.0,1.0,3.0,0.0,0.0,1.0,0.0,0.0,0.0,1.0
2021/8/4,1.0,0.0,1.0,1.0,0.0,4.0,0.0,0.0,0.0,1.0,4.0,3.0,0.0
2021/8/5,1.0,2.0,0.0,0.0,0.0,2.0,1.0,1.0,1.0,1.0,1.0,0.0,3.0
2021/8/6,0.0,0.0,2.0,0.0,0.0,15.0,0.0,4.0,0.0,0.0,0.0,19.0,0.0
2021/8/7,0.0,0.0,0.0,0.0,1.0,13.0,0.0,1.0,0.0,0.0,0.0,0.0,0.0
2021/8/8,0.0,0.0,0.0,0.0,0.0,4.0,7.0,1.0,1.0,0.0,1.0,5.0,0.0
2021/8/9,0.0,1.0,0.0,0.0,0.0,5.0,0.0,0.0,0.0,0.0,0.0,5.0,0.0
2021/8/10,0.0,0.0,0.0,0.0,0.0,3.0,0.0,2.0,2.0,0.0,1.0,0.0,0.0
2021/8/11,0.0,1.0,1.0,0.0,2.0,2.0,4.0,0.0,0.0,0.0,1.0,0.0,0.0
2021/8/12,4.0,0.0,0.0,0.0,0.0,4.0,0.0,2.0,0.0,0.0,1.0,4.0,0.0
2021/8/13,6.0,2.0,0.0,2.0,2.0,12.0,0.0,0.0,1.0,0.0,0.0,1.0,1.0
2021/8/14,1.0,0.0,0.0,0.0,2.0,14.0,0.0,3.0,2.0,0.0,0.0,0.0,0.0
2021/8/15,0.0,0.0,5.0,0.0,0.0,2.0,0.0,1.0,2.0,0.0,0.0,0.0,1.0
2021/8/16,1.0,0.0,1.0,4.0,1.0,2.0,1.0,0.0,0.0,1.0,1.0,0.0,0.0
2021/8/17,0.0,1.0,4.0,4.0,1.0,3.0,4.0,0.0,1.0,2.0,4.0,7.0,1.0
2021/8/18,1.0,0.0,0.0,0.0,3.0,2.0,0.0,0.0,0.0,1.0,0.0,2.0,1.0
2021/8/19,0.0,1.0,1.0,1.0,1.0,4.0,1.0,0.0,1.0,0.0,1.0,0.0,3.0
2021/8/20,3.0,0.0,0.0,0.0,0.0,14.0,2.0,3.0,0.0,0.0,0.0,0.0,0.0
2021/8/21,1.0,6.0,0.0,1.0,2.0,15.0,4.0,0.0,0.0,0.0,2.0,1.0,0.0
2021/8/22,2.0,1.0,0.0,5.0,0.0,5.0,0.0,0.0,2.0,0.0,3.0,0.0,0.0
2021/8/23,2.0,1.0,0.0,3.0,0.0,4.0,2.0,0.0,0.0,0.0,2.0,1.0,0.0
2021/8/24,0.0,0.0,4.0,0.0,0.0,6.0,0.0,0.0,0.0,1.0,1.0,0.0,0.0
2021/8/25,0.0,0.0,2.0,0.0,0.0,5.0,1.0,3.0,0.0,1.0,5.0,0.0,0.0
2021/8/26,3.0,0.0,0.0,0.0,1.0,2.0,0.0,0.0,0.0,0.0,0.0,5.0,0.0
2021/8/27,2.0,0.0,0.0,0.0,0.0,15.0,0.0,5.0,2.0,0.0,0.0,0.0,0.0
2021/8/28,0.0,0.0,0.0,0.0,1.0,12.0,8.0,5.0,0.0,0.0,0.0,3.0,1.0
2021/8/29,0.0,1.0,0.0,0.0,3.0,2.0,0.0,0.0,0.0,1.0,0.0,1.0,21.0
2021/8/30,1.0,0.0,0.0,0.0,1.0,0.0,0.0,0.0,2.0,0.0,4.0,2.0,5.0
2021/8/31,2.0,2.0,3.0,1.0,4.0,3.0,0.0,4.0,0.0,0.0,3.0,2.0,0.0
2021/9/1,3.0,0.0,0.0,0.0,5.0,7.0,0.0,0.0,0.0,1.0,0.0,2.0,1.0
2021/9/2,0.0,0.0,0.0,0.0,0.0,1.0,0.0,1.0,0.0,0.0,3.0,6.0,0.0
2021/9/3,2.0,0.0,0.0,0.0,1.0,15.0,0.0,0.0,0.0,0.0,5.0,3.0,0.0
2021/9/4,1.0,0.0,0.0,0.0,0.0,11.0,4.0,0.0,0.0,0.0,4.0,2.0,0.0
2021/9/5,4.0,1.0,0.0,0.0,0.0,5.0,1.0,2.0,0.0,0.0,2.0,6.0,0.0
2021/9/6,2.0,1.0,0.0,0.0,0.0,4.0,0.0,0.0,0.0,2.0,5.0,3.0,4.0
2021/9/7,2.0,0.0,1.0,5.0,0.0,5.0,0.0,0.0,0.0,0.0,5.0,0.0,0.0
2021/9/8,2.0,0.0,0.0,0.0,0.0,2.0,0.0,4.0,0.0,0.0,3.0,1.0,0.0
2021/9/9,0.0,0.0,1.0,0.0,2.0,6.0,0.0,1.0,1.0,0.0,1.0,0.0,0.0
2021/9/10,0.0,2.0,5.0,0.0,0.0,10.0,5.0,0.0,0.0,0.0,1.0,7.0,3.0
2021/9/11,1.0,2.0,0.0,1.0,0.0,11.0,8.0,1.0,0.0,1.0,4.0,5.0,0.0
2021/9/12,2.0,0.0,0.0,3.0,0.0,5.0,1.0,1.0,0.0,0.0,0.0,7.0,6.0
2021/9/13,2.0,0.0,0.0,0.0,5.0,1.0,0.0,1.0,0.0,0.0,5.0,3.0,0.0
2021/9/14,5.0,0.0,0.0,3.0,1.0,3.0,5.0,0.0,0.0,0.0,0.0,1.0,0.0
2021/9/15,5.0,0.0,0.0,0.0,1.0,3.0,0.0,0.0,1.0,2.0,0.0,0.0,1.0
2021/9/16,0.0,3.0,2.0,4.0,0.0,1.0,0.0,0.0,0.0,0.0,1.0,4.0,0.0
2021/9/17,2.0,0.0,0.0,0.0,0.0,15.0,1.0,0.0,0.0,0.0,0.0,2.0,0.0
2021/9/18,3.0,0.0,0.0,3.0,0.0,13.0,3.0,5.0,0.0,0.0,5.0,6.0,0.0
2021/9/19,3.0,0.0,0.0,0.0,0.0,8.0,0.0,0.0,2.0,0.0,4.0,0.0,0.0
2021/9/20,0.0,0.0,0.0,0.0,0.0,5.0,4.0,3.0,0.0,0.0,4.0,3.0,0.0
2021/9/21,0.0,2.0,3.0,0.0,0.0,7.0,4.0,4.0,0.0,0.0,2.0,3.0,0.0
2021/9/22,0.0,3.0,3.0,3.0,0.0,3.0,0.0,1.0,0.0,0.0,0.0,4.0,1.0
2021/9/23,5.0,0.0,1.0,0.0,4.0,2.0,2.0,0.0,1.0,0.0,1.0,2.0,0.0
2021/9/24,0.0,1.0,1.0,0.0,0.0,14.0,4.0,1.0,0.0,1.0,2.0,16.0,0.0
2021/9/25,1.0,6.0,0.0,3.0,5.0,14.0,0.0,4.0,2.0,0.0,1.0,0.0,0.0
2021/9/26,0.0,0.0,5.0,0.0,0.0,0.0,0.0,0.0,0.0,0.0,1.0,4.0,0.0
2021/9/27,2.0,1.0,0.0,0.0,0.0,5.0,0.0,0.0,1.0,2.0,1.0,3.0,0.0
2021/9/28,0.0,2.0,5.0,0.0,0.0,1.0,0.0,0.0,0.0,0.0,0.0,6.0,0.0
2021/9/29,1.0,0.0,1.0,0.0,0.0,7.0,0.0,0.0,2.0,1.0,4.0,5.0,0.0
2021/9/30,0.0,2.0,0.0,3.0,0.0,4.0,0.0,0.0,0.0,0.0,5.0,0.0,6.0
2021/10/1,1.0,1.0,0.0,2.0,1.0,11.0,1.0,0.0,0.0,1.0,1.0,0.0,0.0
2021/10/2,0.0,2.0,5.0,0.0,0.0,12.0,5.0,1.0,0.0,0.0,2.0,7.0,7.0
2021/10/3,0.0,1.0,3.0,5.0,0.0,3.0,0.0,0.0,0.0,0.0,3.0,3.0,0.0
2021/10/4,4.0,3.0,0.0,0.0,0.0,4.0,0.0,0.0,1.0,0.0,0.0,7.0,0.0
2021/10/5,0.0,1.0,0.0,0.0,2.0,0.0,0.0,0.0,0.0,0.0,5.0,1.0,0.0
2021/10/6,0.0,1.0,1.0,0.0,0.0,5.0,0.0,0.0,0.0,0.0,4.0,3.0,0.0
2021/10/7,3.0,1.0,0.0,0.0,1.0,1.0,0.0,0.0,0.0,0.0,2.0,5.0,1.0
2021/10/8,0.0,5.0,0.0,0.0,0.0,9.0,0.0,2.0,0.0,0.0,1.0,7.0,0.0
2021/10/9,0.0,1.0,1.0,4.0,1.0,12.0,0.0,5.0,1.0,0.0,0.0,0.0,0.0
2021/10/10,0.0,0.0,2.0,1.0,0.0,2.0,2.0,0.0,2.0,0.0,1.0,5.0,0.0
2021/10/11,3.0,0.0,1.0,0.0,0.0,6.0,3.0,0.0,1.0,1.0,0.0,3.0,1.0
2021/10/12,0.0,1.0,2.0,0.0,0.0,3.0,0.0,0.0,0.0,1.0,4.0,1.0,1.0
2021/10/13,1.0,3.0,0.0,0.0,0.0,4.0,2.0,0.0,0.0,1.0,0.0,5.0,0.0
2021/10/14,1.0,0.0,0.0,4.0,0.0,6.0,3.0,0.0,0.0,2.0,0.0,4.0,0.0
2021/10/15,1.0,2.0,0.0,3.0,0.0,15.0,0.0,2.0,1.0,0.0,4.0,7.0,0.0
2021/10/16,1.0,0.0,0.0,0.0,0.0,14.0,8.0,0.0,0.0,0.0,3.0,2.0,1.0
2021/10/17,1.0,1.0,1.0,1.0,5.0,4.0,4.0,1.0,0.0,0.0,0.0,0.0,0.0
2021/10/18,0.0,0.0,1.0,0.0,0.0,3.0,0.0,0.0,0.0,0.0,0.0,0.0,0.0
2021/10/19,2.0,0.0,0.0,1.0,1.0,4.0,1.0,0.0,0.0,0.0,0.0,0.0,0.0
2021/10/20,0.0,0.0,1.0,0.0,3.0,4.0,0.0,0.0,0.0,0.0,3.0,0.0,0.0
2021/10/21,3.0,0.0,0.0,0.0,2.0,3.0,0.0,0.0,2.0,2.0,0.0,4.0,0.0
2021/10/22,0.0,0.0,0.0,0.0,1.0,15.0,2.0,0.0,0.0,0.0,1.0,0.0,0.0
2021/10/23,0.0,0.0,3.0,0.0,0.0,13.0,0.0,4.0,0.0,0.0,5.0,7.0,1.0
2021/10/24,1.0,1.0,4.0,0.0,5.0,2.0,4.0,0.0,0.0,0.0,0.0,7.0,0.0
2021/10/25,0.0,1.0,0.0,0.0,0.0,2.0,4.0,1.0,0.0,1.0,5.0,3.0,0.0
2021/10/26,0.0,0.0,0.0,0.0,5.0,5.0,0.0,0.0,2.0,2.0,5.0,7.0,4.0
2021/10/27,4.0,5.0,0.0,0.0,0.0,4.0,1.0,0.0,0.0,2.0,0.0,5.0,0.0
2021/10/28,3.0,3.0,5.0,0.0,0.0,4.0,0.0,0.0,0.0,1.0,22.0,3.0,0.0
2021/10/29,0.0,0.0,1.0,4.0,0.0,9.0,0.0,0.0,0.0,1.0,1.0,0.0,1.0
2021/10/30,4.0,1.0,0.0,0.0,1.0,12.0,0.0,0.0,0.0,0.0,5.0,2.0,0.0
2021/10/31,1.0,1.0,0.0,0.0,2.0,0.0,0.0,0.0,0.0,0.0,2.0,2.0,1.0
2021/11/1,0.0,0.0,0.0,1.0,5.0,4.0,0.0,0.0,1.0,0.0,2.0,7.0,0.0
2021/11/2,1.0,0.0,0.0,2.0,0.0,2.0,5.0,0.0,0.0,0.0,1.0,1.0,0.0
2021/11/3,6.0,0.0,1.0,5.0,0.0,7.0,2.0,0.0,1.0,1.0,4.0,6.0,1.0
2021/11/4,0.0,0.0,0.0,0.0,2.0,7.0,0.0,0.0,0.0,2.0,2.0,5.0,0.0
2021/11/5,1.0,0.0,1.0,1.0,0.0,14.0,1.0,0.0,0.0,0.0,1.0,0.0,1.0
2021/11/6,0.0,0.0,0.0,3.0,0.0,13.0,5.0,4.0,0.0,2.0,5.0,7.0,0.0
2021/11/7,0.0,4.0,0.0,0.0,0.0,1.0,0.0,0.0,0.0,0.0,0.0,2.0,0.0
2021/11/8,0.0,2.0,4.0,0.0,0.0,7.0,1.0,1.0,0.0,0.0,0.0,0.0,0.0
2021/11/9,0.0,0.0,0.0,0.0,2.0,3.0,6.0,0.0,0.0,0.0,0.0,3.0,22.0
2021/11/10,0.0,1.0,2.0,0.0,0.0,6.0,0.0,0.0,1.0,0.0,0.0,0.0,1.0
2021/11/11,0.0,3.0,0.0,0.0,1.0,3.0,0.0,0.0,2.0,0.0,1.0,4.0,0.0
2021/11/12,2.0,0.0,0.0,0.0,5.0,12.0,0.0,4.0,0.0,0.0,5.0,1.0,0.0
2021/11/13,0.0,0.0,5.0,0.0,0.0,14.0,4.0,0.0,0.0,0.0,0.0,0.0,6.0
2021/11/14,0.0,0.0,0.0,5.0,1.0,0.0,0.0,2.0,0.0,0.0,3.0,6.0,0.0
2021/11/15,0.0,3.0,3.0,0.0,0.0,4.0,0.0,0.0,0.0,1.0,1.0,2.0,4.0
2021/11/16,1.0,0.0,0.0,2.0,0.0,6.0,0.0,0.0,0.0,0.0,4.0,0.0,1.0
2021/11/17,0.0,3.0,3.0,0.0,0.0,7.0,8.0,1.0,0.0,0.0,5.0,1.0,0.0
2021/11/18,2.0,2.0,0.0,0.0,0.0,7.0,0.0,1.0,0.0,0.0,1.0,7.0,0.0
2021/11/19,1.0,0.0,0.0,0.0,0.0,8.0,0.0,0.0,1.0,0.0,4.0,0.0,0.0
2021/11/20,0.0,1.0,1.0,4.0,0.0,11.0,7.0,1.0,0.0,0.0,0.0,0.0,0.0
2021/11/21,2.0,1.0,5.0,2.0,0.0,6.0,0.0,0.0,0.0,0.0,3.0,0.0,1.0
2021/11/22,1.0,0.0,4.0,1.0,0.0,4.0,8.0,5.0,1.0,0.0,0.0,0.0,1.0
2021/11/23,0.0,0.0,3.0,2.0,0.0,6.0,7.0,0.0,1.0,0.0,5.0,6.0,0.0
2021/11/24,0.0,2.0,2.0,0.0,0.0,4.0,6.0,2.0,2.0,0.0,0.0,5.0,0.0
2021/11/25,2.0,0.0,0.0,5.0,0.0,0.0,0.0,0.0,1.0,0.0,2.0,0.0,1.0
2021/11/26,0.0,3.0,0.0,1.0,0.0,11.0,0.0,0.0,1.0,0.0,3.0,4.0,0.0
2021/11/27,0.0,2.0,0.0,4.0,4.0,13.0,3.0,3.0,0.0,1.0,1.0,0.0,0.0
2021/11/28,1.0,0.0,0.0,1.0,3.0,2.0,8.0,2.0,0.0,0.0,1.0,7.0,0.0
2021/11/29,2.0,0.0,0.0,1.0,0.0,5.0,0.0,1.0,0.0,0.0,0.0,7.0,1.0
2021/11/30,1.0,0.0,0.0,0.0,2.0,4.0,2.0,0.0,0.0,1.0,0.0,0.0,1.0
2021/12/1,1.0,2.0,0.0,0.0,0.0,7.0,0.0,0.0,0.0,0.0,3.0,6.0,0.0
2021/12/2,1.0,0.0,0.0,0.0,5.0,4.0,0.0,0.0,0.0,0.0,0.0,6.0,6.0
2021/12/3,2.0,1.0,0.0,0.0,0.0,11.0,0.0,0.0,0.0,2.0,0.0,0.0,0.0
2021/12/4,1.0,0.0,0.0,0.0,1.0,15.0,4.0,0.0,2.0,0.0,0.0,0.0,1.0
2021/12/5,0.0,1.0,0.0,0.0,0.0,4.0,0.0,3.0,0.0,0.0,5.0,1.0,1.0
2021/12/6,2.0,0.0,0.0,0.0,0.0,1.0,0.0,3.0,0.0,0.0,0.0,5.0,0.0
2021/12/7,3.0,2.0,1.0,0.0,5.0,1.0,8.0,0.0,0.0,0.0,0.0,6.0,0.0
2021/12/8,0.0,6.0,0.0,5.0,0.0,4.0,0.0,0.0,0.0,0.0,0.0,5.0,1.0
2021/12/9,0.0,0.0,0.0,0.0,0.0,6.0,0.0,3.0,1.0,0.0,0.0,5.0,0.0
2021/12/10,0.0,0.0,0.0,0.0,0.0,7.0,0.0,0.0,1.0,0.0,4.0,4.0,1.0
2021/12/11,1.0,1.0,0.0,1.0,0.0,12.0,0.0,1.0,0.0,0.0,1.0,7.0,0.0
2021/12/12,0.0,0.0,0.0,0.0,1.0,5.0,2.0,0.0,0.0,0.0,0.0,4.0,0.0
2021/12/13,0.0,0.0,0.0,0.0,0.0,2.0,8.0,0.0,0.0,0.0,4.0,0.0,0.0
2021/12/14,0.0,0.0,0.0,0.0,5.0,4.0,0.0,5.0,1.0,0.0,4.0,2.0,1.0
2021/12/15,1.0,0.0,0.0,0.0,0.0,6.0,2.0,0.0,0.0,0.0,0.0,4.0,1.0
2021/12/16,1.0,0.0,5.0,5.0,0.0,4.0,0.0,0.0,0.0,1.0,3.0,0.0,0.0
2021/12/17,0.0,0.0,5.0,1.0,5.0,13.0,0.0,0.0,0.0,2.0,5.0,6.0,1.0
2021/12/18,0.0,0.0,0.0,0.0,0.0,12.0,0.0,4.0,0.0,2.0,0.0,0.0,1.0
2021/12/19,2.0,1.0,1.0,0.0,0.0,7.0,1.0,3.0,0.0,0.0,4.0,2.0,0.0
2021/12/20,0.0,3.0,1.0,0.0,0.0,5.0,0.0,0.0,0.0,0.0,3.0,5.0,1.0
2021/12/21,0.0,1.0,1.0,1.0,2.0,6.0,0.0,0.0,2.0,0.0,1.0,0.0,0.0
2021/12/22,2.0,0.0,3.0,0.0,0.0,0.0,0.0,0.0,2.0,0.0,1.0,0.0,0.0
2021/12/23,1.0,0.0,0.0,0.0,4.0,3.0,0.0,0.0,0.0,0.0,0.0,1.0,0.0
2021/12/24,0.0,1.0,1.0,0.0,1.0,15.0,0.0,0.0,0.0,0.0,4.0,6.0,0.0
2021/12/25,0.0,0.0,0.0,1.0,0.0,10.0,0.0,0.0,1.0,1.0,5.0,0.0,0.0
2021/12/26,0.0,1.0,5.0,0.0,0.0,1.0,6.0,0.0,2.0,0.0,3.0,6.0,1.0
2021/12/27,0.0,1.0,0.0,2.0,1.0,5.0,1.0,0.0,1.0,0.0,1.0,0.0,0.0
2021/12/28,0.0,0.0,1.0,1.0,0.0,3.0,1.0,0.0,0.0,0.0,2.0,7.0,0.0
2021/12/29,0.0,0.0,0.0,3.0,1.0,6.0,7.0,3.0,0.0,0.0,2.0,7.0,0.0
2021/12/30,0.0,0.0,0.0,2.0,5.0,7.0,4.0,0.0,1.0,0.0,0.0,1.0,0.0
2021/12/31,1.0,0.0,0.0,0.0,0.0,13.0,1.0,1.0,0.0,0.0,1.0,2.0,4.0
2022/1/1,0.0,3.0,0.0,0.0,0.0,15.0,0.0,5.0,2.0,0.0,4.0,0.0,0.0
2022/1/2,1.0,1.0,4.0,1.0,0.0,2.0,0.0,0.0,0.0,0.0,0.0,3.0,1.0
2022/1/3,0.0,1.0,4.0,3.0,0.0,2.0,0.0,0.0,0.0,0.0,3.0,0.0,3.0
2022/1/4,0.0,0.0,3.0,1.0,0.0,0.0,3.0,0.0,1.0,0.0,0.0,0.0,1.0
2022/1/5,0.0,0.0,0.0,0.0,1.0,2.0,3.0,0.0,0.0,2.0,1.0,0.0,0.0
2022/1/6,3.0,1.0,3.0,0.0,0.0,5.0,0.0,1.0,0.0,0.0,0.0,1.0,0.0
2022/1/7,0.0,4.0,0.0,2.0,0.0,15.0,8.0,0.0,0.0,2.0,1.0,0.0,1.0
2022/1/8,0.0,0.0,0.0,0.0,0.0,13.0,1.0,2.0,0.0,1.0,4.0,2.0,0.0
2022/1/9,0.0,0.0,0.0,5.0,2.0,5.0,0.0,0.0,0.0,0.0,0.0,7.0,1.0
2022/1/10,0.0,0.0,0.0,0.0,2.0,4.0,5.0,0.0,0.0,0.0,4.0,0.0,7.0
2022/1/11,0.0,0.0,0.0,0.0,0.0,3.0,0.0,0.0,0.0,0.0,0.0,2.0,0.0
2022/1/12,2.0,0.0,0.0,0.0,0.0,2.0,4.0,1.0,0.0,0.0,4.0,0.0,0.0
2022/1/13,0.0,0.0,0.0,0.0,1.0,2.0,8.0,0.0,1.0,0.0,1.0,6.0,0.0
2022/1/14,0.0,1.0,2.0,0.0,0.0,15.0,2.0,0.0,0.0,1.0,4.0,6.0,0.0
2022/1/15,0.0,0.0,1.0,0.0,0.0,12.0,0.0,0.0,0.0,0.0,3.0,7.0,0.0
2022/1/16,1.0,4.0,0.0,5.0,0.0,4.0,0.0,0.0,0.0,0.0,0.0,7.0,0.0
2022/1/17,0.0,5.0,0.0,1.0,0.0,5.0,0.0,1.0,0.0,1.0,0.0,0.0,0.0
2022/1/18,1.0,0.0,0.0,3.0,0.0,5.0,0.0,0.0,0.0,1.0,4.0,6.0,0.0
2022/1/19,0.0,1.0,0.0,0.0,0.0,6.0,1.0,4.0,0.0,1.0,5.0,5.0,0.0
2022/1/20,0.0,0.0,0.0,1.0,0.0,1.0,2.0,1.0,0.0,0.0,0.0,0.0,0.0
2022/1/21,0.0,0.0,0.0,0.0,0.0,9.0,1.0,0.0,0.0,0.0,4.0,7.0,0.0
2022/1/22,7.0,1.0,0.0,4.0,5.0,9.0,0.0,1.0,0.0,0.0,4.0,1.0,1.0
2022/1/23,0.0,5.0,0.0,4.0,1.0,1.0,1.0,0.0,0.0,1.0,4.0,4.0,0.0
2022/1/24,0.0,0.0,2.0,0.0,0.0,2.0,3.0,0.0,0.0,0.0,4.0,0.0,0.0
2022/1/25,1.0,0.0,0.0,0.0,1.0,7.0,1.0,0.0,0.0,0.0,3.0,2.0,0.0
2022/1/26,0.0,0.0,1.0,0.0,4.0,1.0,0.0,0.0,0.0,0.0,0.0,4.0,0.0
2022/1/27,0.0,3.0,2.0,0.0,0.0,4.0,3.0,1.0,0.0,0.0,0.0,2.0,0.0
2022/1/28,0.0,3.0,0.0,3.0,0.0,11.0,1.0,4.0,0.0,0.0,0.0,1.0,0.0
2022/1/29,0.0,2.0,0.0,0.0,3.0,13.0,0.0,0.0,0.0,0.0,3.0,0.0,0.0
2022/1/30,0.0,0.0,3.0,0.0,0.0,3.0,6.0,2.0,0.0,0.0,3.0,6.0,0.0
2022/1/31,1.0,1.0,0.0,1.0,1.0,5.0,1.0,0.0,0.0,0.0,1.0,0.0,0.0
2022/2/1,4.0,1.0,0.0,2.0,0.0,3.0,8.0,0.0,0.0,0.0,4.0,0.0,0.0
2022/2/2,0.0,0.0,1.0,4.0,1.0,4.0,0.0,0.0,1.0,0.0,3.0,6.0,0.0
2022/2/3,0.0,0.0,0.0,0.0,0.0,4.0,0.0,2.0,0.0,0.0,2.0,6.0,0.0
2022/2/4,0.0,0.0,0.0,0.0,0.0,15.0,6.0,3.0,0.0,0.0,1.0,0.0,0.0
2022/2/5,8.0,0.0,0.0,0.0,0.0,11.0,0.0,0.0,0.0,0.0,2.0,6.0,0.0
2022/2/6,0.0,0.0,0.0,0.0,0.0,4.0,2.0,0.0,0.0,1.0,0.0,4.0,1.0
2022/2/7,2.0,0.0,0.0,1.0,0.0,1.0,5.0,1.0,0.0,0.0,0.0,7.0,0.0
2022/2/8,6.0,2.0,0.0,0.0,0.0,3.0,4.0,0.0,1.0,0.0,0.0,2.0,0.0
2022/2/9,1.0,0.0,0.0,0.0,0.0,1.0,8.0,0.0,0.0,0.0,0.0,0.0,1.0
2022/2/10,3.0,0.0,0.0,0.0,4.0,1.0,1.0,3.0,0.0,1.0,1.0,0.0,6.0
2022/2/11,2.0,0.0,1.0,1.0,0.0,15.0,2.0,0.0,1.0,0.0,1.0,0.0,0.0
2022/2/12,0.0,2.0,0.0,0.0,0.0,10.0,1.0,0.0,2.0,0.0,0.0,3.0,7.0
2022/2/13,0.0,2.0,4.0,0.0,1.0,0.0,0.0,1.0,2.0,0.0,4.0,1.0,0.0
2022/2/14,2.0,0.0,0.0,0.0,0.0,3.0,4.0,0.0,0.0,1.0,0.0,3.0,0.0
2022/2/15,0.0,0.0,0.0,0.0,0.0,4.0,0.0,0.0,0.0,0.0,5.0,1.0,0.0
2022/2/16,0.0,5.0,0.0,0.0,0.0,2.0,1.0,0.0,0.0,0.0,4.0,0.0,0.0
2022/2/17,0.0,0.0,0.0,0.0,0.0,3.0,0.0,3.0,1.0,0.0,0.0,6.0,0.0
2022/2/18,1.0,0.0,4.0,0.0,0.0,15.0,1.0,0.0,0.0,0.0,1.0,1.0,1.0
2022/2/19,0.0,1.0,1.0,4.0,1.0,14.0,8.0,0.0,0.0,0.0,0.0,0.0,0.0
2022/2/20,0.0,0.0,5.0,0.0,0.0,7.0,0.0,0.0,2.0,0.0,1.0,5.0,1.0
2022/2/21,0.0,0.0,0.0,1.0,0.0,5.0,0.0,0.0,0.0,2.0,2.0,0.0,0.0
2022/2/22,0.0,0.0,0.0,0.0,0.0,3.0,5.0,0.0,0.0,0.0,0.0,4.0,0.0
2022/2/23,1.0,4.0,0.0,1.0,0.0,3.0,0.0,1.0,0.0,0.0,2.0,5.0,2.0
2022/2/24,0.0,0.0,3.0,0.0,1.0,4.0,0.0,0.0,0.0,0.0,0.0,0.0,0.0
2022/2/25,0.0,2.0,0.0,1.0,0.0,12.0,0.0,2.0,1.0,0.0,0.0,5.0,0.0
2022/2/26,1.0,0.0,0.0,0.0,0.0,12.0,0.0,0.0,0.0,1.0,2.0,2.0,0.0
2022/2/27,0.0,0.0,0.0,0.0,0.0,7.0,1.0,0.0,1.0,1.0,1.0,1.0,0.0
2022/2/28,2.0,2.0,0.0,0.0,3.0,3.0,5.0,5.0,1.0,0.0,2.0,0.0,0.0
2022/3/1,0.0,0.0,4.0,1.0,0.0,4.0,1.0,1.0,1.0,0.0,0.0,0.0,0.0
2022/3/2,0.0,0.0,0.0,0.0,0.0,4.0,7.0,5.0,0.0,0.0,5.0,7.0,0.0
2022/3/3,0.0,1.0,1.0,0.0,3.0,4.0,4.0,1.0,0.0,0.0,0.0,0.0,0.0
2022/3/4,1.0,1.0,1.0,0.0,0.0,15.0,2.0,0.0,0.0,0.0,2.0,2.0,0.0
2022/3/5,0.0,0.0,1.0,2.0,1.0,15.0,0.0,2.0,0.0,0.0,2.0,2.0,0.0
2022/3/6,1.0,0.0,5.0,1.0,0.0,5.0,0.0,3.0,0.0,0.0,0.0,3.0,2.0
2022/3/7,4.0,0.0,0.0,0.0,1.0,1.0,0.0,1.0,0.0,0.0,5.0,0.0,0.0
2022/3/8,0.0,0.0,1.0,4.0,1.0,6.0,6.0,0.0,0.0,0.0,3.0,0.0,0.0
2022/3/9,1.0,0.0,4.0,0.0,0.0,3.0,0.0,0.0,0.0,0.0,2.0,4.0,0.0
2022/3/10,0.0,3.0,0.0,1.0,0.0,6.0,1.0,2.0,0.0,0.0,3.0,1.0,1.0
2022/3/11,0.0,0.0,0.0,0.0,0.0,10.0,0.0,0.0,1.0,0.0,5.0,0.0,0.0
2022/3/12,0.0,1.0,0.0,3.0,1.0,13.0,0.0,2.0,0.0,0.0,5.0,0.0,24.0
2022/3/13,1.0,2.0,0.0,4.0,0.0,4.0,0.0,0.0,0.0,1.0,2.0,1.0,3.0
2022/3/14,1.0,0.0,0.0,0.0,0.0,4.0,0.0,0.0,0.0,0.0,3.0,5.0,1.0
2022/3/15,1.0,4.0,4.0,0.0,1.0,2.0,1.0,0.0,1.0,0.0,0.0,0.0,0.0
2022/3/16,0.0,0.0,0.0,0.0,0.0,1.0,1.0,0.0,1.0,0.0,0.0,0.0,0.0
2022/3/17,3.0,0.0,0.0,0.0,0.0,6.0,0.0,4.0,2.0,0.0,2.0,0.0,0.0
2022/3/18,3.0,0.0,5.0,1.0,1.0,13.0,2.0,0.0,0.0,0.0,0.0,4.0,1.0
2022/3/19,4.0,1.0,0.0,0.0,0.0,13.0,1.0,5.0,2.0,1.0,1.0,3.0,0.0
2022/3/20,2.0,1.0,0.0,0.0,0.0,3.0,0.0,0.0,1.0,0.0,0.0,0.0,0.0
2022/3/21,1.0,0.0,0.0,1.0,2.0,6.0,0.0,0.0,0.0,0.0,1.0,5.0,0.0
2022/3/22,3.0,0.0,5.0,0.0,0.0,6.0,0.0,2.0,0.0,0.0,3.0,3.0,0.0
2022/3/23,0.0,1.0,0.0,0.0,0.0,5.0,6.0,0.0,0.0,1.0,5.0,6.0,0.0
2022/3/24,0.0,1.0,1.0,0.0,0.0,6.0,0.0,0.0,0.0,0.0,0.0,5.0,0.0
2022/3/25,1.0,2.0,2.0,3.0,0.0,15.0,1.0,1.0,0.0,0.0,1.0,0.0,4.0
2022/3/26,1.0,4.0,0.0,1.0,0.0,14.0,6.0,3.0,0.0,0.0,4.0,0.0,0.0
2022/3/27,3.0,0.0,1.0,0.0,0.0,1.0,5.0,2.0,0.0,0.0,0.0,0.0,0.0
2022/3/28,0.0,0.0,2.0,0.0,3.0,4.0,0.0,0.0,0.0,0.0,3.0,0.0,0.0
2022/3/29,0.0,0.0,0.0,0.0,2.0,2.0,1.0,1.0,0.0,1.0,0.0,7.0,0.0
2022/3/30,0.0,1.0,1.0,4.0,4.0,5.0,2.0,0.0,0.0,0.0,0.0,0.0,0.0
2022/3/31,1.0,0.0,5.0,0.0,5.0,7.0,0.0,0.0,1.0,1.0,4.0,0.0,0.0
